Date,glorad
19/09/2008,1063
20/09/2008,1525
21/09/2008,1340
22/09/2008,1572
23/09/2008,1468
24/09/2008,1370
25/09/2008,1203
26/09/2008,1053
27/09/2008,1401
28/09/2008,374
29/09/2008,704
30/09/2008,424
01/10/2008,1200
02/10/2008,996
03/10/2008,1164
04/10/2008,234
05/10/2008,1266
06/10/2008,452
07/10/2008,310
08/10/2008,1145
09/10/2008,389
10/10/2008,141
11/10/2008,554
12/10/2008,759
13/10/2008,813
14/10/2008,129
15/10/2008,564
16/10/2008,904
17/10/2008,761
18/10/2008,665
19/10/2008,254
20/10/2008,341
21/10/2008,915
22/10/2008,924
23/10/2008,102
24/10/2008,897
25/10/2008,91
26/10/2008,632
27/10/2008,805
28/10/2008,775
29/10/2008,181
30/10/2008,308
31/10/2008,629
01/11/2008,539
02/11/2008,665
03/11/2008,579
04/11/2008,64
05/11/2008,210
06/11/2008,161
07/11/2008,354
08/11/2008,180
09/11/2008,164
10/11/2008,499
11/11/2008,578
12/11/2008,583
13/11/2008,109
14/11/2008,359
15/11/2008,335
16/11/2008,158
17/11/2008,90
18/11/2008,365
19/11/2008,523
20/11/2008,168
21/11/2008,340
22/11/2008,156
23/11/2008,414
24/11/2008,230
25/11/2008,484
26/11/2008,347
27/11/2008,301
28/11/2008,465
29/11/2008,447
30/11/2008,440
01/12/2008,439
02/12/2008,115
03/12/2008,396
04/12/2008,322
05/12/2008,351
06/12/2008,392
07/12/2008,278
08/12/2008,54
09/12/2008,371
10/12/2008,382
11/12/2008,96
12/12/2008,66
13/12/2008,348
14/12/2008,242
15/12/2008,237
16/12/2008,68
17/12/2008,319
18/12/2008,156
19/12/2008,113
20/12/2008,259
21/12/2008,90
22/12/2008,153
23/12/2008,61
24/12/2008,80
25/12/2008,71
26/12/2008,138
27/12/2008,390
28/12/2008,384
29/12/2008,32
30/12/2008,193
31/12/2008,238
01/01/2009,159
02/01/2009,307
03/01/2009,297
04/01/2009,113
05/01/2009,278
06/01/2009,170
07/01/2009,426
08/01/2009,102
09/01/2009,140
10/01/2009,128
11/01/2009,31
12/01/2009,153
13/01/2009,400
14/01/2009,44
15/01/2009,174
16/01/2009,87
17/01/2009,92
18/01/2009,449
19/01/2009,401
20/01/2009,376
21/01/2009,93
22/01/2009,362
23/01/2009,516
24/01/2009,453
25/01/2009,282
26/01/2009,443
27/01/2009,187
28/01/2009,582
29/01/2009,77
30/01/2009,38
31/01/2009,50
01/02/2009,203
02/02/2009,399
03/02/2009,394
04/02/2009,216
05/02/2009,166
06/02/2009,708
07/02/2009,770
08/02/2009,447
09/02/2009,246
10/02/2009,746
11/02/2009,779
12/02/2009,338
13/02/2009,555
14/02/2009,218
15/02/2009,733
16/02/2009,449
17/02/2009,554
18/02/2009,199
19/02/2009,463
20/02/2009,905
21/02/2009,773
22/02/2009,865
23/02/2009,653
24/02/2009,182
25/02/2009,525
26/02/2009,582
27/02/2009,501
28/02/2009,336
01/03/2009,945
02/03/2009,415
03/03/2009,331
04/03/2009,880
05/03/2009,1145
06/03/2009,457
07/03/2009,336
08/03/2009,867
09/03/2009,760
10/03/2009,989
11/03/2009,516
12/03/2009,844
13/03/2009,304
14/03/2009,1097
15/03/2009,1405
16/03/2009,1318
17/03/2009,1469
18/03/2009,515
19/03/2009,1063
20/03/2009,773
21/03/2009,1339
22/03/2009,1352
23/03/2009,1034
24/03/2009,855
25/03/2009,1418
26/03/2009,1283
27/03/2009,1222
28/03/2009,1467
29/03/2009,974
30/03/2009,817
31/03/2009,762
01/04/2009,865
02/04/2009,1639
03/04/2009,637
04/04/2009,1516
05/04/2009,1230
06/04/2009,450
07/04/2009,1166
08/04/2009,1955
09/04/2009,261
10/04/2009,1947
11/04/2009,1931
12/04/2009,1836
13/04/2009,293
14/04/2009,1624
15/04/2009,349
16/04/2009,580
17/04/2009,649
18/04/2009,1861
19/04/2009,2087
20/04/2009,2090
21/04/2009,1689
22/04/2009,933
23/04/2009,431
24/04/2009,625
25/04/2009,641
26/04/2009,1270
27/04/2009,1704
28/04/2009,1653
29/04/2009,746
30/04/2009,1280
01/05/2009,1408
02/05/2009,2030
03/05/2009,1973
04/05/2009,776
05/05/2009,2334
06/05/2009,1212
07/05/2009,2063
08/05/2009,2136
09/05/2009,1656
10/05/2009,1360
11/05/2009,2375
12/05/2009,2454
13/05/2009,270
14/05/2009,710
15/05/2009,1065
16/05/2009,1152
17/05/2009,1354
18/05/2009,1974
19/05/2009,1703
20/05/2009,1530
21/05/2009,1721
22/05/2009,833
23/05/2009,1708
24/05/2009,2707
25/05/2009,2251
26/05/2009,2317
27/05/2009,1280
28/05/2009,1935
29/05/2009,1665
30/05/2009,2757
31/05/2009,2396
01/06/2009,2344
02/06/2009,2579
03/06/2009,2451
04/06/2009,1443
05/06/2009,1076
06/06/2009,1034
07/06/2009,1364
08/06/2009,1040
09/06/2009,1972
10/06/2009,1330
11/06/2009,2274
12/06/2009,1111
13/06/2009,1924
14/06/2009,2367
15/06/2009,1936
16/06/2009,2528
17/06/2009,1776
18/06/2009,1838
19/06/2009,2329
20/06/2009,2183
21/06/2009,1545
22/06/2009,2225
23/06/2009,1972
24/06/2009,2578
25/06/2009,2137
26/06/2009,1100
27/06/2009,1311
28/06/2009,841
29/06/2009,1548
30/06/2009,1256
01/07/2009,688
02/07/2009,540
03/07/2009,1804
04/07/2009,1560
05/07/2009,1952
06/07/2009,1261
07/07/2009,2461
08/07/2009,1288
09/07/2009,1432
10/07/2009,940
11/07/2009,478
12/07/2009,2535
13/07/2009,1249
14/07/2009,2121
15/07/2009,2588
16/07/2009,892
17/07/2009,2269
18/07/2009,1172
19/07/2009,1751
20/07/2009,2370
21/07/2009,1619
22/07/2009,2030
23/07/2009,2526
24/07/2009,1632
25/07/2009,1926
26/07/2009,1705
27/07/2009,2198
28/07/2009,822
29/07/2009,1696
30/07/2009,2109
31/07/2009,653
01/08/2009,2122
02/08/2009,1444
03/08/2009,1026
04/08/2009,1402
05/08/2009,2019
06/08/2009,2059
07/08/2009,2179
08/08/2009,1075
09/08/2009,940
10/08/2009,996
11/08/2009,2207
12/08/2009,1027
13/08/2009,1517
14/08/2009,776
15/08/2009,1686
16/08/2009,1468
17/08/2009,2045
18/08/2009,537
19/08/2009,345
20/08/2009,1752
21/08/2009,2079
22/08/2009,1392
23/08/2009,367
24/08/2009,1956
25/08/2009,1996
26/08/2009,1157
27/08/2009,973
28/08/2009,1678
29/08/2009,1475
30/08/2009,473
31/08/2009,259
01/09/2009,1334
02/09/2009,364
03/09/2009,1519
04/09/2009,1594
05/09/2009,1195
06/09/2009,426
07/09/2009,1354
08/09/2009,394
09/09/2009,1573
10/09/2009,1531
11/09/2009,1311
12/09/2009,1335
13/09/2009,1220
14/09/2009,689
15/09/2009,1230
16/09/2009,1513
17/09/2009,603
18/09/2009,1092
19/09/2009,688
20/09/2009,1499
21/09/2009,745
22/09/2009,1283
23/09/2009,993
24/09/2009,861
25/09/2009,857
26/09/2009,635
27/09/2009,803
28/09/2009,1214
29/09/2009,982
30/09/2009,1177
01/10/2009,782
02/10/2009,670
03/10/2009,660
04/10/2009,829
05/10/2009,918
06/10/2009,156
07/10/2009,593
08/10/2009,965
09/10/2009,232
10/10/2009,880
11/10/2009,827
12/10/2009,1059
13/10/2009,508
14/10/2009,532
15/10/2009,301
16/10/2009,525
17/10/2009,957
18/10/2009,200
19/10/2009,233
20/10/2009,526
21/10/2009,589
22/10/2009,727
23/10/2009,452
24/10/2009,521
25/10/2009,803
26/10/2009,283
27/10/2009,283
28/10/2009,358
29/10/2009,142
30/10/2009,41
31/10/2009,329
01/11/2009,646
02/11/2009,156
03/11/2009,557
04/11/2009,567
05/11/2009,514
06/11/2009,476
07/11/2009,324
08/11/2009,646
09/11/2009,288
10/11/2009,613
11/11/2009,169
12/11/2009,204
13/11/2009,132
14/11/2009,333
15/11/2009,463
16/11/2009,360
17/11/2009,322
18/11/2009,115
19/11/2009,27
20/11/2009,509
21/11/2009,155
22/11/2009,193
23/11/2009,395
24/11/2009,77
25/11/2009,322
26/11/2009,438
27/11/2009,353
28/11/2009,165
29/11/2009,105
30/11/2009,398
01/12/2009,57
02/12/2009,259
03/12/2009,403
04/12/2009,100
05/12/2009,97
06/12/2009,290
07/12/2009,184
08/12/2009,50
09/12/2009,219
10/12/2009,344
11/12/2009,156
12/12/2009,176
13/12/2009,221
14/12/2009,171
15/12/2009,137
16/12/2009,177
17/12/2009,159
18/12/2009,105
19/12/2009,176
20/12/2009,376
21/12/2009,375
22/12/2009,378
23/12/2009,63
24/12/2009,302
25/12/2009,121
26/12/2009,252
27/12/2009,376
28/12/2009,180
29/12/2009,28
30/12/2009,22
31/12/2009,172
01/01/2010,347
02/01/2010,402
03/01/2010,103
04/01/2010,136
05/01/2010,412
06/01/2010,154
07/01/2010,390
08/01/2010,303
09/01/2010,188
10/01/2010,57
11/01/2010,127
12/01/2010,19
13/01/2010,272
14/01/2010,245
15/01/2010,163
16/01/2010,290
17/01/2010,418
18/01/2010,254
19/01/2010,151
20/01/2010,456
21/01/2010,64
22/01/2010,503
23/01/2010,548
24/01/2010,448
25/01/2010,320
26/01/2010,234
27/01/2010,334
28/01/2010,468
29/01/2010,514
30/01/2010,636
31/01/2010,502
01/02/2010,349
02/02/2010,280
03/02/2010,266
04/02/2010,69
05/02/2010,583
06/02/2010,494
07/02/2010,101
08/02/2010,180
09/02/2010,312
10/02/2010,558
11/02/2010,679
12/02/2010,571
13/02/2010,329
14/02/2010,466
15/02/2010,511
16/02/2010,918
17/02/2010,634
18/02/2010,848
19/02/2010,603
20/02/2010,798
21/02/2010,760
22/02/2010,788
23/02/2010,142
24/02/2010,506
25/02/2010,315
26/02/2010,843
27/02/2010,593
28/02/2010,918
01/03/2010,1102
02/03/2010,707
03/03/2010,372
04/03/2010,996
05/03/2010,1146
06/03/2010,815
07/03/2010,1049
08/03/2010,1328
09/03/2010,1121
10/03/2010,1053
11/03/2010,901
12/03/2010,819
13/03/2010,446
14/03/2010,1402
15/03/2010,1412
16/03/2010,345
17/03/2010,570
18/03/2010,234
19/03/2010,396
20/03/2010,1086
21/03/2010,601
22/03/2010,1350
23/03/2010,511
24/03/2010,865
25/03/2010,978
26/03/2010,1242
27/03/2010,986
28/03/2010,1039
29/03/2010,216
30/03/2010,884
31/03/2010,1417
01/04/2010,1359
02/04/2010,1331
03/04/2010,960
04/04/2010,1703
05/04/2010,1323
06/04/2010,755
07/04/2010,1503
08/04/2010,1677
09/04/2010,1831
10/04/2010,1433
11/04/2010,1634
12/04/2010,1692
13/04/2010,1768
14/04/2010,1336
15/04/2010,1969
16/04/2010,1859
17/04/2010,2183
18/04/2010,1408
19/04/2010,1086
20/04/2010,1554
21/04/2010,1645
22/04/2010,1596
23/04/2010,2227
24/04/2010,1066
25/04/2010,1499
26/04/2010,1964
27/04/2010,1017
28/04/2010,669
29/04/2010,1823
30/04/2010,1276
01/05/2010,1271
02/05/2010,1315
03/05/2010,1893
04/05/2010,1331
05/05/2010,851
06/05/2010,1029
07/05/2010,1767
08/05/2010,1701
09/05/2010,2216
10/05/2010,1722
11/05/2010,2311
12/05/2010,1736
13/05/2010,1912
14/05/2010,1594
15/05/2010,2029
16/05/2010,1776
17/05/2010,2174
18/05/2010,1105
19/05/2010,1224
20/05/2010,1988
21/05/2010,1978
22/05/2010,2405
23/05/2010,2748
24/05/2010,1523
25/05/2010,2489
26/05/2010,2200
27/05/2010,1574
28/05/2010,2268
29/05/2010,1256
30/05/2010,1936
31/05/2010,2388
01/06/2010,2384
02/06/2010,2853
03/06/2010,2466
04/06/2010,2370
05/06/2010,1663
06/06/2010,1521
07/06/2010,575
08/06/2010,1467
09/06/2010,1232
10/06/2010,1785
11/06/2010,1950
12/06/2010,2226
13/06/2010,1783
14/06/2010,1767
15/06/2010,2566
16/06/2010,2291
17/06/2010,1980
18/06/2010,1461
19/06/2010,2615
20/06/2010,2971
21/06/2010,2844
22/06/2010,2278
23/06/2010,1631
24/06/2010,2042
25/06/2010,1298
26/06/2010,2015
27/06/2010,2609
28/06/2010,464
29/06/2010,1784
30/06/2010,1683
01/07/2010,1416
02/07/2010,2715
03/07/2010,2600
04/07/2010,2008
05/07/2010,2180
06/07/2010,1199
07/07/2010,2394
08/07/2010,1306
09/07/2010,964
10/07/2010,467
11/07/2010,1945
12/07/2010,2125
13/07/2010,319
14/07/2010,1853
15/07/2010,1444
16/07/2010,1532
17/07/2010,2016
18/07/2010, 
20/07/2010,1853
21/07/2010,1771
22/07/2010,1217
23/07/2010,1873
24/07/2010,744
25/07/2010,1336
26/07/2010,2369
27/07/2010,1630
28/07/2010,1180
29/07/2010,1251
30/07/2010,865
31/07/2010,1566
01/08/2010,971
02/08/2010,1009
03/08/2010,1698
04/08/2010,1985
05/08/2010,1207
06/08/2010,914
07/08/2010,1348
08/08/2010,2105
09/08/2010,2192
10/08/2010,2214
11/08/2010,1576
12/08/2010,1102
13/08/2010,2287
14/08/2010,1926
15/08/2010,1936
16/08/2010,1076
17/08/2010,1682
18/08/2010,1760
19/08/2010,562
20/08/2010,1519
21/08/2010,1711
22/08/2010,2045
23/08/2010,1813
24/08/2010,1826
25/08/2010,932
26/08/2010,893
27/08/2010,1588
28/08/2010,1644
29/08/2010,1370
30/08/2010,1864
31/08/2010,1663
01/09/2010,1532
02/09/2010,1661
03/09/2010,1466
04/09/2010,210
05/09/2010,382
06/09/2010,161
07/09/2010,1347
08/09/2010,1092
09/09/2010,1512
10/09/2010,496
11/09/2010,1543
12/09/2010,1220
13/09/2010,653
14/09/2010,1061
15/09/2010,1414
16/09/2010,742
17/09/2010,1243
18/09/2010,872
19/09/2010,415
20/09/2010,1113
21/09/2010,962
22/09/2010,415
23/09/2010,1028
24/09/2010,742
25/09/2010,1250
26/09/2010,1025
27/09/2010,1321
28/09/2010,426
29/09/2010,1096
30/09/2010,869
01/10/2010,1129
02/10/2010,607
03/10/2010,1073
04/10/2010,869
05/10/2010,1047
06/10/2010,1106
07/10/2010,1061
08/10/2010,743
09/10/2010,526
10/10/2010,334
11/10/2010,1042
12/10/2010,896
13/10/2010,501
14/10/2010,271
15/10/2010,809
16/10/2010,847
17/10/2010,872
18/10/2010,489
19/10/2010,783
20/10/2010,835
21/10/2010,784
22/10/2010,383
23/10/2010,907
24/10/2010,913
25/10/2010,755
26/10/2010,230
27/10/2010,741
28/10/2010,244
29/10/2010,169
30/10/2010,500
31/10/2010,219
01/11/2010,152
02/11/2010,145
03/11/2010,213
04/11/2010,118
05/11/2010,182
06/11/2010,565
07/11/2010,515
08/11/2010,440
09/11/2010,286
10/11/2010,659
11/11/2010,535
12/11/2010,276
13/11/2010,339
14/11/2010,578
15/11/2010,464
16/11/2010,295
17/11/2010,458
18/11/2010,454
19/11/2010,245
20/11/2010,83
21/11/2010,193
22/11/2010,230
23/11/2010,442
24/11/2010,353
25/11/2010,479
26/11/2010,400
27/11/2010,116
28/11/2010,141
29/11/2010,304
30/11/2010,212
01/12/2010,184
02/12/2010,258
03/12/2010,187
04/12/2010,224
05/12/2010,378
06/12/2010,415
07/12/2010,115
08/12/2010,397
09/12/2010,384
10/12/2010,283
11/12/2010,153
12/12/2010,337
13/12/2010,74
14/12/2010,337
15/12/2010,139
16/12/2010,164
17/12/2010,375
18/12/2010,341
19/12/2010,207
20/12/2010,282
21/12/2010,339
22/12/2010,301
23/12/2010,196
24/12/2010,352
25/12/2010,260
26/12/2010,82
27/12/2010,30
28/12/2010,140
29/12/2010,125
30/12/2010,106
31/12/2010,63
01/01/2011,151
02/01/2011,161
03/01/2011,136
04/01/2011,303
05/01/2011,313
06/01/2011,148
07/01/2011,24
08/01/2011,410
09/01/2011,422
10/01/2011,56
11/01/2011,376
12/01/2011,90
13/01/2011,122
14/01/2011,418
15/01/2011,45
16/01/2011,334
17/01/2011,133
18/01/2011,498
19/01/2011,454
20/01/2011,420
21/01/2011,474
22/01/2011,400
23/01/2011,356
24/01/2011,264
25/01/2011,123
26/01/2011,284
27/01/2011,123
28/01/2011,269
29/01/2011,321
30/01/2011,512
31/01/2011,416
01/02/2011,606
02/02/2011,150
03/02/2011,391
04/02/2011,239
05/02/2011,68
06/02/2011,139
07/02/2011,610
08/02/2011,450
09/02/2011,100
10/02/2011,358
11/02/2011,195
12/02/2011,592
13/02/2011,438
14/02/2011,715
15/02/2011,278
16/02/2011,282
17/02/2011,342
18/02/2011,191
19/02/2011,439
20/02/2011,179
21/02/2011,495
22/02/2011,225
23/02/2011,305
24/02/2011,476
25/02/2011,216
26/02/2011,1017
27/02/2011,1030
28/02/2011,946
01/03/2011,1090
02/03/2011,567
03/03/2011,873
04/03/2011,807
05/03/2011,346
06/03/2011,371
07/03/2011,831
08/03/2011,1000
09/03/2011,793
10/03/2011,1071
11/03/2011,511
12/03/2011,732
13/03/2011,1315
14/03/2011,780
15/03/2011,861
16/03/2011,1224
17/03/2011,617
18/03/2011,1278
19/03/2011,914
20/03/2011,697
21/03/2011,1107
22/03/2011,1420
23/03/2011,1283
24/03/2011,1285
25/03/2011,1330
26/03/2011,1283
27/03/2011,1325
28/03/2011,851
29/03/2011,316
30/03/2011,1187
31/03/2011,1326
01/04/2011,359
02/04/2011,1712
03/04/2011,953
04/04/2011,395
05/04/2011,427
06/04/2011,745
07/04/2011,1203
08/04/2011,1253
09/04/2011,1443
10/04/2011,1752
11/04/2011,1919
12/04/2011,1934
13/04/2011,316
14/04/2011,736
15/04/2011,1332
16/04/2011,842
17/04/2011,946
18/04/2011,1867
19/04/2011,1823
20/04/2011,1741
21/04/2011,1786
22/04/2011,1519
23/04/2011,1507
24/04/2011,1908
25/04/2011,1189
26/04/2011,1458
27/04/2011,1932
28/04/2011,2104
29/04/2011,2122
30/04/2011,1689
01/05/2011,725
02/05/2011,1183
03/05/2011,2063
04/05/2011,1132
05/05/2011,583
06/05/2011,740
07/05/2011,969
08/05/2011,2490
09/05/2011,1802
10/05/2011,2346
11/05/2011,2206
12/05/2011,2096
13/05/2011,1652
14/05/2011,1772
15/05/2011,1313
16/05/2011,1957
17/05/2011,1402
18/05/2011,1544
19/05/2011,2152
20/05/2011,1687
21/05/2011,656
22/05/2011,2275
23/05/2011,2207
24/05/2011,2372
25/05/2011,1014
26/05/2011,1547
27/05/2011,1765
28/05/2011,1799
29/05/2011,1379
30/05/2011,1513
31/05/2011,2322
01/06/2011,1961
02/06/2011,1704
03/06/2011,2394
04/06/2011,2344
05/06/2011,731
06/06/2011,2077
07/06/2011,2017
08/06/2011,1691
09/06/2011,1691
10/06/2011,1436
11/06/2011,2443
12/06/2011,606
13/06/2011,2067
14/06/2011,2390
15/06/2011,2125
16/06/2011,2893
17/06/2011,924
18/06/2011,1951
19/06/2011,1751
20/06/2011,1166
21/06/2011,1850
22/06/2011,1873
23/06/2011,2176
24/06/2011,863
25/06/2011,930
26/06/2011,1745
27/06/2011,1330
28/06/2011,2262
29/06/2011,2197
30/06/2011,1675
01/07/2011,1374
02/07/2011,2397
03/07/2011,2837
04/07/2011,2233
05/07/2011,2007
06/07/2011,1413
07/07/2011,2006
08/07/2011,1269
09/07/2011,1722
10/07/2011,1252
11/07/2011,1742
12/07/2011,1607
13/07/2011,2392
14/07/2011,2648
15/07/2011,1197
16/07/2011,2144
17/07/2011,1279
18/07/2011,1092
19/07/2011,1021
20/07/2011,1803
21/07/2011,760
22/07/2011,1759
23/07/2011,2622
24/07/2011,1113
25/07/2011,995
26/07/2011,1695
27/07/2011,2145
28/07/2011,604
29/07/2011,1142
30/07/2011,894
31/07/2011,975
01/08/2011,1412
02/08/2011,1864
03/08/2011,1077
04/08/2011,1566
05/08/2011,1867
06/08/2011,1600
07/08/2011,1703
08/08/2011,1531
09/08/2011,1850
10/08/2011,999
11/08/2011,1220
12/08/2011,752
13/08/2011,1328
14/08/2011,1742
15/08/2011,1005
16/08/2011,1842
17/08/2011,1694
18/08/2011,1047
19/08/2011,868
20/08/2011,608
21/08/2011,1373
22/08/2011,1770
23/08/2011,1248
24/08/2011,1946
25/08/2011,1772
26/08/2011,1572
27/08/2011,1711
28/08/2011,1383
29/08/2011,1446
30/08/2011,840
31/08/2011,1293
01/09/2011,1639
02/09/2011,1163
03/09/2011,418
04/09/2011,1219
05/09/2011,935
06/09/2011,744
07/09/2011,663
08/09/2011,971
09/09/2011,497
10/09/2011,1060
11/09/2011,1371
12/09/2011,1713
13/09/2011,1555
14/09/2011,744
15/09/2011,1163
16/09/2011,1082
17/09/2011,1314
18/09/2011,1267
19/09/2011,605
20/09/2011,798
21/09/2011,876
22/09/2011,983
23/09/2011,688
24/09/2011,1240
25/09/2011,413
26/09/2011,1184
27/09/2011,306
28/09/2011,827
29/09/2011,462
30/09/2011,290
01/10/2011,150
02/10/2011,252
03/10/2011,494
04/10/2011,787
05/10/2011,257
06/10/2011,1178
07/10/2011,1137
08/10/2011,676
09/10/2011,663
10/10/2011,611
11/10/2011,751
12/10/2011,601
13/10/2011,496
14/10/2011,154
15/10/2011,201
16/10/2011,964
17/10/2011,342
18/10/2011,1037
19/10/2011,864
20/10/2011,593
21/10/2011,478
22/10/2011,161
23/10/2011,74
24/10/2011,86
25/10/2011,745
26/10/2011,614
27/10/2011,718
28/10/2011,701
29/10/2011,156
30/10/2011,196
31/10/2011,129
01/11/2011,544
02/11/2011,125
03/11/2011,348
04/11/2011,680
05/11/2011,632
06/11/2011,636
07/11/2011,606
08/11/2011,70
09/11/2011,365
10/11/2011,456
11/11/2011,185
12/11/2011,487
13/11/2011,246
14/11/2011,100
15/11/2011,274
16/11/2011,57
17/11/2011,117
18/11/2011,97
19/11/2011,99
20/11/2011,143
21/11/2011,279
22/11/2011,487
23/11/2011,157
24/11/2011,147
25/11/2011,367
26/11/2011,100
27/11/2011,441
28/11/2011,94
29/11/2011,195
30/11/2011,215
01/12/2011,214
02/12/2011,92
03/12/2011,318
04/12/2011,177
05/12/2011,345
06/12/2011,274
07/12/2011,345
08/12/2011,116
09/12/2011,328
10/12/2011,240
11/12/2011,170
12/12/2011,100
13/12/2011,322
14/12/2011,219
15/12/2011,307
16/12/2011,340
17/12/2011,364
18/12/2011,254
19/12/2011,155
20/12/2011,91
21/12/2011,230
22/12/2011,79
23/12/2011,209
24/12/2011,157
25/12/2011,96
26/12/2011,133
27/12/2011,69
28/12/2011,306
29/12/2011,194
30/12/2011,72
31/12/2011,91
01/01/2012,171
02/01/2012,364
03/01/2012,302
04/01/2012,110
05/01/2012,302
06/01/2012,143
07/01/2012,113
08/01/2012,219
09/01/2012,258
10/01/2012,116
11/01/2012,161
12/01/2012,175
13/01/2012,265
14/01/2012,119
15/01/2012,206
16/01/2012,158
17/01/2012,167
18/01/2012,228
19/01/2012,266
20/01/2012,279
21/01/2012,330
22/01/2012,278
23/01/2012,231
24/01/2012,159
25/01/2012,140
26/01/2012,496
27/01/2012,448
28/01/2012,280
29/01/2012,132
30/01/2012,60
31/01/2012,249
01/02/2012,569
02/02/2012,541
03/02/2012,314
04/02/2012,110
05/02/2012,203
06/02/2012,178
07/02/2012,476
08/02/2012,196
09/02/2012,185
10/02/2012,108
11/02/2012,102
12/02/2012,662
13/02/2012,533
14/02/2012,554
15/02/2012,327
16/02/2012,291
17/02/2012,442
18/02/2012,739
19/02/2012,820
20/02/2012,344
21/02/2012,352
22/02/2012,138
23/02/2012,575
24/02/2012,491
25/02/2012,1043
26/02/2012,371
27/02/2012,228
28/02/2012,473
29/02/2012,564
01/03/2012,540
02/03/2012,297
03/03/2012,721
04/03/2012,1200
05/03/2012,1113
06/03/2012,315
07/03/2012,1111
08/03/2012,856
09/03/2012,536
10/03/2012,900
11/03/2012,748
12/03/2012,224
13/03/2012,271
14/03/2012,237
15/03/2012,633
16/03/2012,216
17/03/2012,1002
18/03/2012,1409
19/03/2012,1022
20/03/2012,760
21/03/2012,549
22/03/2012,496
23/03/2012,1204
24/03/2012,1347
25/03/2012,1543
26/03/2012,1453
27/03/2012,1551
28/03/2012,1512
29/03/2012,1461
30/03/2012,932
31/03/2012,683
01/04/2012,469
02/04/2012,503
03/04/2012,1207
04/04/2012,649
05/04/2012,1716
06/04/2012,1122
07/04/2012,1087
08/04/2012,971
09/04/2012,617
10/04/2012,1749
11/04/2012,1500
12/04/2012,1490
13/04/2012,1078
14/04/2012,1565
15/04/2012,1564
16/04/2012,762
17/04/2012,1810
18/04/2012,1393
19/04/2012,1791
20/04/2012,1597
21/04/2012,1758
22/04/2012,1174
23/04/2012,1495
24/04/2012,1170
25/04/2012,340
26/04/2012,577
27/04/2012,1741
28/04/2012,2008
29/04/2012,522
30/04/2012,727
01/05/2012,233
02/05/2012,2005
03/05/2012,862
04/05/2012,689
05/05/2012,2100
06/05/2012,1315
07/05/2012,1970
08/05/2012,1561
09/05/2012,540
10/05/2012,744
11/05/2012,2068
12/05/2012,1900
13/05/2012,2443
14/05/2012,2212
15/05/2012,2284
16/05/2012,2269
17/05/2012,1420
18/05/2012,810
19/05/2012,332
20/05/2012,1615
21/05/2012,2592
22/05/2012,588
23/05/2012,977
24/05/2012,2278
25/05/2012,2136
26/05/2012,2574
27/05/2012,2072
28/05/2012,1747
29/05/2012,1282
30/05/2012,2019
31/05/2012,839
01/06/2012,1269
02/06/2012,773
03/06/2012,369
04/06/2012,2529
05/06/2012,468
06/06/2012,1406
07/06/2012,593
08/06/2012,841
09/06/2012,2342
10/06/2012,1791
11/06/2012,1618
12/06/2012,776
13/06/2012,2203
14/06/2012,535
15/06/2012,411
16/06/2012,1247
17/06/2012,2296
18/06/2012,2156
19/06/2012,2664
20/06/2012,1807
21/06/2012,899
22/06/2012,1752
23/06/2012,1144
24/06/2012,2137
25/06/2012,1890
26/06/2012,1348
27/06/2012,838
28/06/2012,1134
29/06/2012,2040
30/06/2012,1983
01/07/2012,1444
02/07/2012,1149
03/07/2012,387
04/07/2012,1614
05/07/2012,1859
06/07/2012,426
07/07/2012,2487
08/07/2012,1015
09/07/2012,1139
10/07/2012,1405
11/07/2012,1677
12/07/2012,679
13/07/2012,606
14/07/2012,1252
15/07/2012,1746
16/07/2012,1454
17/07/2012,1316
18/07/2012,1854
19/07/2012,1738
20/07/2012,1686
21/07/2012,2086
22/07/2012,729
23/07/2012,549
24/07/2012,741
25/07/2012,1368
26/07/2012,2189
27/07/2012,2198
28/07/2012,1836
29/07/2012,1956
30/07/2012,1536
31/07/2012,487
01/08/2012,1232
02/08/2012,1981
03/08/2012,1097
04/08/2012,1557
05/08/2012,1034
06/08/2012,1534
07/08/2012,794
08/08/2012,1101
09/08/2012,2196
10/08/2012,1867
11/08/2012,1551
12/08/2012,1305
13/08/2012,1175
14/08/2012,1521
15/08/2012,813
16/08/2012,1070
17/08/2012,556
18/08/2012,1370
19/08/2012,648
20/08/2012,1428
21/08/2012,1635
22/08/2012,1785
23/08/2012,833
24/08/2012,243
25/08/2012,1333
26/08/2012,1430
27/08/2012,552
28/08/2012,1383
29/08/2012,1303
30/08/2012,1788
31/08/2012,725
01/09/2012,1643
02/09/2012,1540
03/09/2012,1486
04/09/2012,1421
05/09/2012,1549
06/09/2012,1772
07/09/2012,1566
08/09/2012,1476
09/09/2012,610
10/09/2012,650
11/09/2012,1510
12/09/2012,1203
13/09/2012,1348
14/09/2012,1285
15/09/2012,737
16/09/2012,552
17/09/2012,1017
18/09/2012,1606
19/09/2012,1318
20/09/2012,845
21/09/2012,648
22/09/2012,1231
23/09/2012,501
24/09/2012,872
25/09/2012,317
26/09/2012,813
27/09/2012,918
28/09/2012,942
29/09/2012,1073
30/09/2012,309
01/10/2012,1117
02/10/2012,687
03/10/2012,1242
04/10/2012,906
05/10/2012,393
06/10/2012,1096
07/10/2012,427
08/10/2012,231
09/10/2012,126
10/10/2012,166
11/10/2012,535
12/10/2012,1016
13/10/2012,978
14/10/2012,480
15/10/2012,536
16/10/2012,977
17/10/2012,487
18/10/2012,698
19/10/2012,797
20/10/2012,600
21/10/2012,569
22/10/2012,397
23/10/2012,103
24/10/2012,133
25/10/2012,557
26/10/2012,520
27/10/2012,853
28/10/2012,178
29/10/2012,737
30/10/2012,628
31/10/2012,232
01/11/2012,739
02/11/2012,744
03/11/2012,576
04/11/2012,274
05/11/2012,681
06/11/2012,408
07/11/2012,429
08/11/2012,357
09/11/2012,129
10/11/2012,461
11/11/2012,583
12/11/2012,227
13/11/2012,119
14/11/2012,190
15/11/2012,393
16/11/2012,120
17/11/2012,575
18/11/2012,248
19/11/2012,174
20/11/2012,326
21/11/2012,418
22/11/2012,65
23/11/2012,503
24/11/2012,53
25/11/2012,61
26/11/2012,218
27/11/2012,343
28/11/2012,452
29/11/2012,278
30/11/2012,191
01/12/2012,390
02/12/2012,101
03/12/2012,411
04/12/2012,388
05/12/2012,376
06/12/2012,69
07/12/2012,424
08/12/2012,378
09/12/2012,146
10/12/2012,269
11/12/2012,245
12/12/2012,37
13/12/2012,165
14/12/2012,134
15/12/2012,234
16/12/2012,205
17/12/2012,231
18/12/2012,222
19/12/2012,65
20/12/2012,73
21/12/2012,154
22/12/2012,37
23/12/2012,209
24/12/2012,159
25/12/2012,262
26/12/2012,124
27/12/2012,313
28/12/2012,83
29/12/2012,251
30/12/2012,197
31/12/2012,181
01/01/2013,413
02/01/2013,122
03/01/2013,162
04/01/2013,61
05/01/2013,89
06/01/2013,108
07/01/2013,38
08/01/2013,231
09/01/2013,367
10/01/2013,221
11/01/2013,177
12/01/2013,115
13/01/2013,238
14/01/2013,309
15/01/2013,372
16/01/2013,67
17/01/2013,162
18/01/2013,273
19/01/2013,82
20/01/2013,106
21/01/2013,327
22/01/2013,409
23/01/2013,151
24/01/2013,190
25/01/2013,43
26/01/2013,187
27/01/2013,557
28/01/2013,136
29/01/2013,60
30/01/2013,586
31/01/2013,522
01/02/2013,412
02/02/2013,627
03/02/2013,211
04/02/2013,572
05/02/2013,604
06/02/2013,775
07/02/2013,191
08/02/2013,320
09/02/2013,351
10/02/2013,179
11/02/2013,216
12/02/2013,141
13/02/2013,199
14/02/2013,855
15/02/2013,621
16/02/2013,384
17/02/2013,653
18/02/2013,481
19/02/2013,583
20/02/2013,511
21/02/2013,239
22/02/2013,237
23/02/2013,227
24/02/2013,700
25/02/2013,716
26/02/2013,240
27/02/2013,249
28/02/2013,651
01/03/2013,539
02/03/2013,574
03/03/2013,575
04/03/2013,265
05/03/2013,567
06/03/2013,112
07/03/2013,78
08/03/2013,378
09/03/2013,308
10/03/2013,264
11/03/2013,715
12/03/2013,796
13/03/2013,1110
14/03/2013,1176
15/03/2013,973
16/03/2013,1107
17/03/2013,1073
18/03/2013,664
19/03/2013,539
20/03/2013,1193
21/03/2013,109
22/03/2013,130
23/03/2013,226
24/03/2013,149
25/03/2013,318
26/03/2013,951
27/03/2013,1072
28/03/2013,738
29/03/2013,795
30/03/2013,1258
31/03/2013,667
01/04/2013,662
02/04/2013,1860
03/04/2013,1914
04/04/2013,1823
05/04/2013,1352
06/04/2013,1742
07/04/2013,741
08/04/2013,1606
09/04/2013,1042
10/04/2013,848
11/04/2013,1051
12/04/2013,1150
13/04/2013,302
14/04/2013,1336
15/04/2013,1190
16/04/2013,2191
17/04/2013,356
18/04/2013,1823
19/04/2013,1945
20/04/2013,1798
21/04/2013,1480
22/04/2013,1021
23/04/2013,1876
24/04/2013,1044
25/04/2013,1182
26/04/2013,2206
27/04/2013,2288
28/04/2013,1404
29/04/2013,2044
30/04/2013,2235
01/05/2013,1299
02/05/2013,2504
03/05/2013,1561
04/05/2013,2498
05/05/2013,2076
06/05/2013,1576
07/05/2013,1581
08/05/2013,2043
09/05/2013,1287
10/05/2013,2234
11/05/2013,2204
12/05/2013,768
13/05/2013,2186
14/05/2013,1171
15/05/2013,1868
16/05/2013,2276
17/05/2013,2508
18/05/2013,2042
19/05/2013,1346
20/05/2013,1047
21/05/2013,2634
22/05/2013,1809
23/05/2013,2309
24/05/2013,1966
25/05/2013,2681
26/05/2013,2653
27/05/2013,1358
28/05/2013,1724
29/05/2013,2612
30/05/2013,3032
31/05/2013,1564
01/06/2013,1647
02/06/2013,2357
03/06/2013,2317
04/06/2013,3074
05/06/2013,3040
06/06/2013,2848
07/06/2013,3091
08/06/2013,3006
09/06/2013,3118
10/06/2013,1001
11/06/2013,1338
12/06/2013,1003
13/06/2013,2225
14/06/2013,975
15/06/2013,1952
16/06/2013,831
17/06/2013,2435
18/06/2013,2336
19/06/2013,2870
20/06/2013,2772
21/06/2013,1997
22/06/2013,2066
23/06/2013,2183
24/06/2013,1623
25/06/2013,1694
26/06/2013,1799
27/06/2013,1646
28/06/2013,1704
29/06/2013,1856
30/06/2013,2092
01/07/2013,1974
02/07/2013,685
03/07/2013,1865
04/07/2013,2481
05/07/2013,2900
06/07/2013,2402
07/07/2013,2505
08/07/2013,2856
09/07/2013,2848
10/07/2013,2955
11/07/2013,2783
12/07/2013,2899
13/07/2013,2658
14/07/2013,2647
15/07/2013,2366
16/07/2013,2227
17/07/2013,2564
18/07/2013,2809
19/07/2013,2756
20/07/2013,2795
21/07/2013,2287
22/07/2013,756
23/07/2013,1793
24/07/2013,1895
25/07/2013,2353
26/07/2013,2479
27/07/2013,2019
28/07/2013,2039
29/07/2013,2546
30/07/2013,2325
31/07/2013,319
01/08/2013,778
02/08/2013,2404
03/08/2013,2389
04/08/2013,1521
05/08/2013,1778
06/08/2013,1686
07/08/2013,2478
08/08/2013,1437
09/08/2013,1458
10/08/2013,1446
11/08/2013,1650
12/08/2013,1719
13/08/2013,810
14/08/2013,953
15/08/2013,414
16/08/2013,2338
17/08/2013,847
18/08/2013,1779
19/08/2013,1552
20/08/2013,1909
21/08/2013,1703
22/08/2013,1322
23/08/2013,466
24/08/2013,1378
25/08/2013,1507
26/08/2013,1653
27/08/2013,1320
28/08/2013,1049
29/08/2013,1375
30/08/2013,1399
31/08/2013,1688
01/09/2013,1669
02/09/2013,1544
03/09/2013,2010
04/09/2013,1562
05/09/2013,1075
06/09/2013,1200
07/09/2013,751
08/09/2013,1196
09/09/2013,1730
10/09/2013,1353
11/09/2013,610
12/09/2013,652
13/09/2013,541
14/09/2013,1545
15/09/2013,905
16/09/2013,1222
17/09/2013,780
18/09/2013,954
19/09/2013,1646
20/09/2013,830
21/09/2013,966
22/09/2013,673
23/09/2013,286
24/09/2013,264
25/09/2013,331
26/09/2013,459
27/09/2013,1095
28/09/2013,674
29/09/2013,781
30/09/2013,174
01/10/2013,381
02/10/2013,266
03/10/2013,163
04/10/2013,630
05/10/2013,987
06/10/2013,360
07/10/2013,538
08/10/2013,514
09/10/2013,745
10/10/2013,1207
11/10/2013,973
12/10/2013,349
13/10/2013,284
14/10/2013,872
15/10/2013,913
16/10/2013,817
17/10/2013,688
18/10/2013,66
19/10/2013,468
20/10/2013,625
21/10/2013,187
22/10/2013,390
23/10/2013,866
24/10/2013,240
25/10/2013,475
26/10/2013,245
27/10/2013,632
28/10/2013,773
29/10/2013,776
30/10/2013,184
31/10/2013,311
01/11/2013,266
02/11/2013,461
03/11/2013,447
04/11/2013,650
05/11/2013,340
06/11/2013,164
07/11/2013,642
08/11/2013,590
09/11/2013,440
10/11/2013,326
11/11/2013,326
12/11/2013,567
13/11/2013,216
14/11/2013,441
15/11/2013,204
16/11/2013,212
17/11/2013,212
18/11/2013,445
19/11/2013,526
20/11/2013,392
21/11/2013,178
22/11/2013,414
23/11/2013,201
24/11/2013,102
25/11/2013,98
26/11/2013,313
27/11/2013,211
28/11/2013,306
29/11/2013,169
30/11/2013,416
01/12/2013,221
02/12/2013,100
03/12/2013,185
04/12/2013,406
05/12/2013,129
06/12/2013,407
07/12/2013,338
08/12/2013,259
09/12/2013,309
10/12/2013,152
11/12/2013,195
12/12/2013,27
13/12/2013,264
14/12/2013,31
15/12/2013,116
16/12/2013,196
17/12/2013,282
18/12/2013,96
19/12/2013,222
20/12/2013,110
21/12/2013,138
22/12/2013,327
23/12/2013,89
24/12/2013,230
25/12/2013,283
26/12/2013,268
27/12/2013,326
28/12/2013,368
29/12/2013,219
30/12/2013,315
31/12/2013,230
01/01/2014,105
02/01/2014,302
03/01/2014,184
04/01/2014,305
05/01/2014,63
06/01/2014,258
07/01/2014,287
08/01/2014,53
09/01/2014,415
10/01/2014,116
11/01/2014,435
12/01/2014,32
13/01/2014,202
14/01/2014,96
15/01/2014,183
16/01/2014,343
17/01/2014,360
18/01/2014,186
19/01/2014,277
20/01/2014,480
21/01/2014,122
22/01/2014,431
23/01/2014,299
24/01/2014,101
25/01/2014,293
26/01/2014,322
27/01/2014,353
28/01/2014,214
29/01/2014,309
30/01/2014,205
31/01/2014,173
01/02/2014,199
02/02/2014,446
03/02/2014,132
04/02/2014,413
05/02/2014,195
06/02/2014,218
07/02/2014,503
08/02/2014,332
09/02/2014,607
10/02/2014,560
11/02/2014,667
12/02/2014,358
13/02/2014,776
14/02/2014,129
15/02/2014,518
16/02/2014,463
17/02/2014,247
18/02/2014,842
19/02/2014,304
20/02/2014,760
21/02/2014,856
22/02/2014,471
23/02/2014,199
24/02/2014,681
25/02/2014,894
26/02/2014,1007
27/02/2014,955
28/02/2014,1064
01/03/2014,497
02/03/2014,407
03/03/2014,806
04/03/2014,628
05/03/2014,440
06/03/2014,220
07/03/2014,1236
08/03/2014,422
09/03/2014,253
10/03/2014,1439
11/03/2014,1410
12/03/2014,1008
13/03/2014,548
14/03/2014,809
15/03/2014,1152
16/03/2014,639
17/03/2014,488
18/03/2014,1303
19/03/2014,722
20/03/2014,479
21/03/2014,1119
22/03/2014,1112
23/03/2014,1358
24/03/2014,271
25/03/2014,958
26/03/2014,849
27/03/2014,872
28/03/2014,733
29/03/2014,280
30/03/2014,592
31/03/2014,411
01/04/2014,619
02/04/2014,200
03/04/2014,1020
04/04/2014,1118
05/04/2014,339
06/04/2014,1451
07/04/2014,1427
08/04/2014,1492
09/04/2014,1571
10/04/2014,1367
11/04/2014,1502
12/04/2014,1254
13/04/2014,1117
14/04/2014,2174
15/04/2014,2108
16/04/2014,1569
17/04/2014,1206
18/04/2014,2323
19/04/2014,1817
20/04/2014,1082
21/04/2014,1869
22/04/2014,685
23/04/2014,1493
24/04/2014,2070
25/04/2014,2168
26/04/2014,1039
27/04/2014,2102
28/04/2014,1529
29/04/2014,2344
30/04/2014,614
01/05/2014,1307
02/05/2014,1755
03/05/2014,574
04/05/2014,481
05/05/2014,757
06/05/2014,1647
07/05/2014,1523
08/05/2014,1652
09/05/2014,1724
10/05/2014,1457
11/05/2014,1575
12/05/2014,1896
13/05/2014,2099
14/05/2014,1268
15/05/2014,1818
16/05/2014,2232
17/05/2014,2487
18/05/2014,694
19/05/2014,1174
20/05/2014,1333
21/05/2014,2742
22/05/2014,1380
23/05/2014,770
24/05/2014,1456
25/05/2014,859
26/05/2014,1988
27/05/2014,2867
28/05/2014,2031
29/05/2014,1240
30/05/2014,1857
31/05/2014,2463
01/06/2014,917
02/06/2014,1417
03/06/2014,2369
04/06/2014,1517
05/06/2014,2894
06/06/2014,672
07/06/2014,1839
08/06/2014,1848
09/06/2014,1526
10/06/2014,1472
11/06/2014,2616
12/06/2014,2372
13/06/2014,2453
14/06/2014,2064
15/06/2014,2816
16/06/2014,2592
17/06/2014,2984
18/06/2014,2916
19/06/2014,2178
20/06/2014,2990
21/06/2014,2647
22/06/2014,2761
23/06/2014,3007
24/06/2014,2129
25/06/2014,1113
26/06/2014,904
27/06/2014,1692
28/06/2014,2603
29/06/2014,1932
30/06/2014,2528
01/07/2014,2914
02/07/2014,2086
03/07/2014,2116
04/07/2014,367
05/07/2014,2440
06/07/2014,2173
07/07/2014,1846
08/07/2014,2028
09/07/2014,2466
10/07/2014,1873
11/07/2014,1945
12/07/2014,1104
13/07/2014,1875
14/07/2014,913
15/07/2014,2045
16/07/2014,2275
17/07/2014,2562
18/07/2014,1242
19/07/2014,1310
20/07/2014,1814
21/07/2014,1747
22/07/2014,1570
23/07/2014,2577
24/07/2014,2241
25/07/2014,2610
26/07/2014,1417
27/07/2014,2019
28/07/2014,1584
29/07/2014,1863
30/07/2014,2474
31/07/2014,1599
01/08/2014,1439
02/08/2014,968
03/08/2014,2186
04/08/2014,2130
05/08/2014,1256
06/08/2014,2293
07/08/2014,1973
08/08/2014,1410
09/08/2014,1799
10/08/2014,1809
11/08/2014,1930
12/08/2014,2085
13/08/2014,2002
14/08/2014,1500
15/08/2014,1306
16/08/2014,995
17/08/2014,2114
18/08/2014,1839
19/08/2014,1524
20/08/2014,1373
21/08/2014,1352
22/08/2014,1413
23/08/2014,1689
24/08/2014,448
25/08/2014,780
26/08/2014,1036
27/08/2014,240
28/08/2014,1801
29/08/2014,919
30/08/2014,1326
31/08/2014,1866
01/09/2014,1487
02/09/2014,2056
03/09/2014,843
04/09/2014,1831
05/09/2014,1314
06/09/2014,1346
07/09/2014,2000
08/09/2014,1791
09/09/2014,1715
10/09/2014,1707
11/09/2014,1752
12/09/2014,1197
13/09/2014,1484
14/09/2014,1250
15/09/2014,1324
16/09/2014,1426
17/09/2014,1262
18/09/2014,1140
19/09/2014,489
20/09/2014,342
21/09/2014,1288
22/09/2014,1476
23/09/2014,338
24/09/2014,1279
25/09/2014,776
26/09/2014,1225
27/09/2014,571
28/09/2014,930
29/09/2014,968
30/09/2014,290
01/10/2014,985
02/10/2014,1053
03/10/2014,199
04/10/2014,1098
05/10/2014,450
06/10/2014,1196
07/10/2014,1130
08/10/2014,461
09/10/2014,870
10/10/2014,1010
11/10/2014,1013
12/10/2014,1123
13/10/2014,945
14/10/2014,714
15/10/2014,259
16/10/2014,541
17/10/2014,264
18/10/2014,702
19/10/2014,668
20/10/2014,555
21/10/2014,907
22/10/2014,523
23/10/2014,364
24/10/2014,700
25/10/2014,671
26/10/2014,252
27/10/2014,171
28/10/2014,121
29/10/2014,326
30/10/2014,163
31/10/2014,118
01/11/2014,217
02/11/2014,578
03/11/2014,466
04/11/2014,538
05/11/2014,690
06/11/2014,97
07/11/2014,433
08/11/2014,414
09/11/2014,438
10/11/2014,136
11/11/2014,150
12/11/2014,340
13/11/2014,160
14/11/2014,361
15/11/2014,384
16/11/2014,481
17/11/2014,196
18/11/2014,326
19/11/2014,58
20/11/2014,319
21/11/2014,18
22/11/2014,429
23/11/2014,502
24/11/2014,216
25/11/2014,351
26/11/2014,469
27/11/2014,149
28/11/2014,281
29/11/2014,118
30/11/2014,430
01/12/2014,269
02/12/2014,429
03/12/2014,364
04/12/2014,237
05/12/2014,397
06/12/2014,259
07/12/2014,375
08/12/2014,343
09/12/2014,38
10/12/2014,313
11/12/2014,141
12/12/2014,363
13/12/2014,341
14/12/2014,110
15/12/2014,262
16/12/2014,142
17/12/2014,98
18/12/2014,56
19/12/2014,286
20/12/2014,288
21/12/2014,101
22/12/2014,115
23/12/2014,41
24/12/2014,351
25/12/2014,345
26/12/2014,62
27/12/2014,308
28/12/2014,311
29/12/2014,264
30/12/2014,220
31/12/2014,34
01/01/2015,29
02/01/2015,350
03/01/2015,147
04/01/2015,78
05/01/2015,95
06/01/2015,386
07/01/2015,46
08/01/2015,308
09/01/2015,81
10/01/2015,368
11/01/2015,183
12/01/2015,199
13/01/2015,284
14/01/2015,115
15/01/2015,343
16/01/2015,466
17/01/2015,272
18/01/2015,494
19/01/2015,314
20/01/2015,107
21/01/2015,513
22/01/2015,511
23/01/2015,87
24/01/2015,535
25/01/2015,146
26/01/2015,418
27/01/2015,338
28/01/2015,475
29/01/2015,397
30/01/2015,457
31/01/2015,630
01/02/2015,644
02/02/2015,523
03/02/2015,682
04/02/2015,721
05/02/2015,614
06/02/2015,635
07/02/2015,228
08/02/2015,661
09/02/2015,235
10/02/2015,171
11/02/2015,53
12/02/2015,113
13/02/2015,490
14/02/2015,727
15/02/2015,524
16/02/2015,814
17/02/2015,622
18/02/2015,355
19/02/2015,387
20/02/2015,558
21/02/2015,919
22/02/2015,208
23/02/2015,834
24/02/2015,821
25/02/2015,581
26/02/2015,822
27/02/2015,687
28/02/2015,320
01/03/2015,607
02/03/2015,984
03/03/2015,1049
04/03/2015,1078
05/03/2015,507
06/03/2015,704
07/03/2015,285
08/03/2015,996
09/03/2015,548
10/03/2015,1360
11/03/2015,784
12/03/2015,202
13/03/2015,1242
14/03/2015,281
15/03/2015,632
16/03/2015,393
17/03/2015,628
18/03/2015,1438
19/03/2015,1444
20/03/2015,966
21/03/2015,1655
22/03/2015,932
23/03/2015,1085
24/03/2015,1246
25/03/2015,1135
26/03/2015,1385
27/03/2015,762
28/03/2015,1113
29/03/2015,966
30/03/2015,441
31/03/2015,1656
01/04/2015,899
02/04/2015,455
03/04/2015,1308
04/04/2015,1658
05/04/2015,1575
06/04/2015,2015
07/04/2015,2024
08/04/2015,1876
09/04/2015,2029
10/04/2015,628
11/04/2015,1972
12/04/2015,652
13/04/2015,667
14/04/2015,1617
15/04/2015,1176
16/04/2015,2123
17/04/2015,675
18/04/2015,2254
19/04/2015,1927
20/04/2015,2002
21/04/2015,2348
22/04/2015,2334
23/04/2015,2160
24/04/2015,511
25/04/2015,1315
26/04/2015,2122
27/04/2015,1680
28/04/2015,2061
29/04/2015,1869
30/04/2015,2213
01/05/2015,1236
02/05/2015,251
03/05/2015,1069
04/05/2015,1782
05/05/2015,1467
06/05/2015,1334
07/05/2015,1305
08/05/2015,309
09/05/2015,1845
10/05/2015,833
11/05/2015,1797
12/05/2015,2057
13/05/2015,2297
14/05/2015,750
15/05/2015,818
16/05/2015,2362
17/05/2015,1606
18/05/2015,2191
19/05/2015,2266
20/05/2015,2007
21/05/2015,2239
22/05/2015,1668
23/05/2015,2469
24/05/2015,2410
25/05/2015,1266
26/05/2015,1834
27/05/2015,1045
28/05/2015,1898
29/05/2015,2171
30/05/2015,1530
31/05/2015,2237
01/06/2015,456
02/06/2015,2228
03/06/2015,2803
04/06/2015,2225
05/06/2015,2547
06/06/2015,2242
07/06/2015,1731
08/06/2015,2283
09/06/2015,2955
10/06/2015,2918
11/06/2015,1250
12/06/2015,1311
13/06/2015,1468
14/06/2015,2596
15/06/2015,2618
16/06/2015,2292
17/06/2015,1946
18/06/2015,2712
19/06/2015,2311
20/06/2015,2310
21/06/2015,1800
22/06/2015,2195
23/06/2015,2506
24/06/2015,1214
25/06/2015,748
26/06/2015,2412
27/06/2015,1434
28/06/2015,2566
29/06/2015,1534
30/06/2015,2208
01/07/2015,1605
02/07/2015,1811
03/07/2015,1870
04/07/2015,2571
05/07/2015,2210
06/07/2015,276
07/07/2015,1914
08/07/2015,2277
09/07/2015,1850
10/07/2015,1461
11/07/2015,1013
12/07/2015,2137
13/07/2015,1428
14/07/2015,1427
15/07/2015,2635
16/07/2015,536
17/07/2015,2459
18/07/2015,2223
19/07/2015,2271
20/07/2015,1739
21/07/2015,1204
22/07/2015,1802
23/07/2015,1839
24/07/2015,743
25/07/2015,2299
26/07/2015,799
27/07/2015,1327
28/07/2015,1991
29/07/2015,1676
30/07/2015,1447
31/07/2015,1697
01/08/2015,1744
02/08/2015,1256
03/08/2015,2078
04/08/2015,1660
05/08/2015,273
06/08/2015,1938
07/08/2015,1178
08/08/2015,2066
09/08/2015,1244
10/08/2015,2271
11/08/2015,1151
12/08/2015,2501
13/08/2015,2247
14/08/2015,1494
15/08/2015,1309
16/08/2015,1347
17/08/2015,1794
18/08/2015,2307
19/08/2015,1138
20/08/2015,526
21/08/2015,1493
22/08/2015,747
23/08/2015,629
24/08/2015,1615
25/08/2015,771
26/08/2015,1770
27/08/2015,2060
28/08/2015,2000
29/08/2015,1813
30/08/2015,1454
31/08/2015,929
01/09/2015,1579
02/09/2015,1175
03/09/2015,893
04/09/2015,1086
05/09/2015,1294
06/09/2015,1467
07/09/2015,887
08/09/2015,1371
09/09/2015,1261
10/09/2015,1443
11/09/2015,329
12/09/2015,1649
13/09/2015,993
14/09/2015,187
15/09/2015,1419
16/09/2015,1248
17/09/2015,1481
18/09/2015,917
19/09/2015,1484
20/09/2015,696
21/09/2015,1273
22/09/2015,1439
23/09/2015,735
24/09/2015,1240
25/09/2015,1248
26/09/2015,1211
27/09/2015,1384
28/09/2015,1187
29/09/2015,991
30/09/2015,1342
01/10/2015,1350
02/10/2015,912
03/10/2015,468
04/10/2015,665
05/10/2015,289
06/10/2015,302
07/10/2015,933
08/10/2015,946
09/10/2015,780
10/10/2015,410
11/10/2015,614
12/10/2015,822
13/10/2015,801
14/10/2015,468
15/10/2015,751
16/10/2015,329
17/10/2015,426
18/10/2015,378
19/10/2015,464
20/10/2015,528
21/10/2015,417
22/10/2015,768
23/10/2015,291
24/10/2015,645
25/10/2015,551
26/10/2015,40
27/10/2015,176
28/10/2015,465
29/10/2015,444
30/10/2015,209
31/10/2015,200
01/11/2015,388
02/11/2015,420
03/11/2015,331
04/11/2015,429
05/11/2015,105
06/11/2015,199
07/11/2015,423
08/11/2015,67
09/11/2015,38
10/11/2015,107
11/11/2015,252
12/11/2015,187
13/11/2015,520
14/11/2015,62
15/11/2015,51
16/11/2015,310
17/11/2015,217
18/11/2015,409
19/11/2015,260
20/11/2015,384
21/11/2015,363
22/11/2015,497
23/11/2015,180
24/11/2015,174
25/11/2015,300
26/11/2015,197
27/11/2015,118
28/11/2015,155
29/11/2015,113
30/11/2015,90
01/12/2015,70
02/12/2015,108
03/12/2015,8
04/12/2015,189
05/12/2015,30
06/12/2015,158
07/12/2015,44
08/12/2015,267
09/12/2015,202
10/12/2015,179
11/12/2015,280
12/12/2015,29
13/12/2015,57
14/12/2015,42
15/12/2015,43
16/12/2015,104
17/12/2015,150
18/12/2015,72
19/12/2015,52
20/12/2015,287
21/12/2015,283
22/12/2015,105
23/12/2015,292
24/12/2015,316
25/12/2015,23
26/12/2015,19
27/12/2015,91
28/12/2015,73
29/12/2015,150
30/12/2015,167
31/12/2015,157
01/01/2016,45
02/01/2016,124
03/01/2016,304
04/01/2016,239
05/01/2016,267
06/01/2016,188
07/01/2016,388
08/01/2016,260
09/01/2016,83
10/01/2016,269
11/01/2016,299
12/01/2016,413
13/01/2016,137
14/01/2016,401
15/01/2016,451
16/01/2016,289
17/01/2016,135
18/01/2016,84
19/01/2016,265
20/01/2016,282
21/01/2016,49
22/01/2016,409
23/01/2016,88
24/01/2016,100
25/01/2016,277
26/01/2016,60
27/01/2016,329
28/01/2016,141
29/01/2016,399
30/01/2016,419
31/01/2016,264
01/02/2016,536
02/02/2016, 
03/02/2016, 
04/02/2016,353
05/02/2016,104
06/02/2016,272
07/02/2016,427
08/02/2016,694
09/02/2016,528
10/02/2016,1322
11/02/2016,855
12/02/2016,444
13/02/2016,272
14/02/2016,727
15/02/2016,1562
16/02/2016,263
17/02/2016,949
18/02/2016,1485
19/02/2016,624
20/02/2016,350
21/02/2016,645
22/02/2016,1385
23/02/2016,1848
24/02/2016,1039
25/02/2016,548
26/02/2016,186
27/02/2016,764
28/02/2016,1170
29/02/2016,164
01/03/2016,847
02/03/2016,999
03/03/2016,536
04/03/2016,544
05/03/2016,1199
06/03/2016,651
07/03/2016,904
08/03/2016,830
09/03/2016,1319
10/03/2016,1174
11/03/2016,443
12/03/2016,525
13/03/2016,756
14/03/2016,1485
15/03/2016,1232
16/03/2016,656
17/03/2016,1251
18/03/2016,1481
19/03/2016,333
20/03/2016,492
21/03/2016,643
22/03/2016,361
23/03/2016,1000
24/03/2016,348
25/03/2016,1316
26/03/2016,477
27/03/2016,1110
28/03/2016,1317
29/03/2016,930
30/03/2016,1321
31/03/2016,1616
01/04/2016,260
02/04/2016,306
03/04/2016,450
04/04/2016,1187
05/04/2016,1575
06/04/2016,1636
07/04/2016,1593
08/04/2016,579
09/04/2016,2040
10/04/2016,425
11/04/2016,547
12/04/2016,2014
13/04/2016,1389
14/04/2016,1537
15/04/2016,846
16/04/2016,1856
17/04/2016,1225
18/04/2016,1006
19/04/2016,2094
20/04/2016,2261
21/04/2016,938
22/04/2016,740
23/04/2016,1631
24/04/2016,1442
25/04/2016,1558
26/04/2016,2279
27/04/2016,1908
28/04/2016,1271
29/04/2016,1812
30/04/2016,1297
01/05/2016,677
02/05/2016,2026
03/05/2016,1568
04/05/2016,1387
05/05/2016,1782
06/05/2016,2111
07/05/2016,684
08/05/2016,1704
09/05/2016,518
10/05/2016,396
11/05/2016,785
12/05/2016,2168
13/05/2016,2613
14/05/2016,2603
15/05/2016,1796
16/05/2016,2365
17/05/2016,787
18/05/2016,1885
19/05/2016,1016
20/05/2016,898
21/05/2016,2313
22/05/2016,1912
23/05/2016,2063
24/05/2016,2779
25/05/2016,2085
26/05/2016,1448
27/05/2016,1169
28/05/2016,2398
29/05/2016,2653
30/05/2016,2629
31/05/2016,2863
01/06/2016,2962
02/06/2016,3035
03/06/2016,2764
04/06/2016,2662
05/06/2016,1974
06/06/2016,1273
07/06/2016,2230
08/06/2016,2358
09/06/2016,1494
10/06/2016,1096
11/06/2016,1733
12/06/2016,1490
13/06/2016,1390
14/06/2016,1108
15/06/2016,1896
16/06/2016,1511
17/06/2016,1789
18/06/2016,1700
19/06/2016,544
20/06/2016,2143
21/06/2016,1983
22/06/2016,2496
23/06/2016,2444
24/06/2016,1638
25/06/2016,1415
26/06/2016,998
27/06/2016,1944
28/06/2016,929
29/06/2016,1673
30/06/2016,736
01/07/2016,2180
02/07/2016,2275
03/07/2016,2575
04/07/2016,1550
05/07/2016,1601
06/07/2016,862
07/07/2016,1448
08/07/2016,1481
09/07/2016,536
10/07/2016,926
11/07/2016,1252
12/07/2016,1553
13/07/2016,1826
14/07/2016,2060
15/07/2016,1031
16/07/2016,1304
17/07/2016,1884
18/07/2016,2758
19/07/2016,2563
20/07/2016,1627
21/07/2016,1549
22/07/2016,1793
23/07/2016,1017
24/07/2016,1598
25/07/2016,1188
26/07/2016,943
27/07/2016,1417
28/07/2016,1960
29/07/2016,651
30/07/2016,1243
31/07/2016,1644
01/08/2016,418
02/08/2016,1420
03/08/2016,1824
04/08/2016,1431
05/08/2016,2198
06/08/2016,1457
07/08/2016,2286
08/08/2016,1893
09/08/2016,1508
10/08/2016,860
11/08/2016,1995
12/08/2016,1156
13/08/2016,1155
14/08/2016,1021
15/08/2016,2339
16/08/2016,2099
17/08/2016,578
18/08/2016,1487
19/08/2016,1395
20/08/2016,1108
21/08/2016,540
22/08/2016,1437
23/08/2016,843
24/08/2016,2175
25/08/2016,1280
26/08/2016,1801
27/08/2016,1448
28/08/2016,1305
29/08/2016,1927
30/08/2016,935
31/08/2016,1228
01/09/2016,1037
02/09/2016,1337
03/09/2016,382
04/09/2016,844
05/09/2016,842
06/09/2016,634
07/09/2016,905
08/09/2016,1066
09/09/2016,367
10/09/2016,1318
11/09/2016,1457
12/09/2016,314
13/09/2016,600
14/09/2016,1504
15/09/2016,1250
16/09/2016,1266
17/09/2016,1125
18/09/2016,432
19/09/2016,975
20/09/2016,940
21/09/2016,636
22/09/2016,1263
23/09/2016,1146
24/09/2016,160
25/09/2016,1479
26/09/2016,729
27/09/2016,1299
28/09/2016,400
29/09/2016,1255
30/09/2016,1091
01/10/2016,1030
02/10/2016,1271
03/10/2016,1092
04/10/2016,554
05/10/2016,827
06/10/2016,1071
07/10/2016,310
08/10/2016,712
09/10/2016,868
10/10/2016,939
11/10/2016,741
12/10/2016,619
13/10/2016,515
14/10/2016,716
15/10/2016,643
16/10/2016,790
17/10/2016,861
18/10/2016,804
19/10/2016,838
20/10/2016,898
21/10/2016,575
22/10/2016,776
23/10/2016,625
24/10/2016,192
25/10/2016,243
26/10/2016,677
27/10/2016,473
28/10/2016,457
29/10/2016,171
30/10/2016,145
31/10/2016,454
01/11/2016,405
02/11/2016,662
03/11/2016,344
04/11/2016,544
05/11/2016,719
06/11/2016,698
07/11/2016,699
08/11/2016,95
09/11/2016,513
10/11/2016,386
11/11/2016,189
12/11/2016,478
13/11/2016,192
14/11/2016,223
15/11/2016,237
16/11/2016,371
17/11/2016,387
18/11/2016,334
19/11/2016,266
20/11/2016,508
21/11/2016,53
22/11/2016,424
23/11/2016,225
24/11/2016,413
25/11/2016,340
26/11/2016,349
27/11/2016,154
28/11/2016,153
29/11/2016,454
30/11/2016,440
01/12/2016,438
02/12/2016,35
03/12/2016,122
04/12/2016,195
05/12/2016,70
06/12/2016,51
07/12/2016,38
08/12/2016,263
09/12/2016,97
10/12/2016,99
11/12/2016,423
12/12/2016,148
13/12/2016,127
14/12/2016,30
15/12/2016,293
16/12/2016,114
17/12/2016,282
18/12/2016,163
19/12/2016,148
20/12/2016,204
21/12/2016,251
22/12/2016,309
23/12/2016,93
24/12/2016,209
25/12/2016,106
26/12/2016,373
27/12/2016,116
28/12/2016,215
29/12/2016,69
30/12/2016,106
31/12/2016,227
01/01/2017,278
02/01/2017,393
03/01/2017,420
04/01/2017,395
05/01/2017,99
06/01/2017,60
07/01/2017,130
08/01/2017,174
09/01/2017,255
10/01/2017,155
11/01/2017,359
12/01/2017,189
13/01/2017,409
14/01/2017,253
15/01/2017,226
16/01/2017,208
17/01/2017,158
18/01/2017,118
19/01/2017,230
20/01/2017,539
21/01/2017,47
22/01/2017,327
23/01/2017,474
24/01/2017,80
25/01/2017,207
26/01/2017,54
27/01/2017,218
28/01/2017,565
29/01/2017,87
30/01/2017,76
31/01/2017,282
01/02/2017,216
02/02/2017,179
03/02/2017,62
04/02/2017,206
05/02/2017,676
06/02/2017,63
07/02/2017,413
08/02/2017,744
09/02/2017,484
10/02/2017,132
11/02/2017,336
12/02/2017,102
13/02/2017,584
14/02/2017,137
15/02/2017,529
16/02/2017,217
17/02/2017,172
18/02/2017,146
19/02/2017,358
20/02/2017,428
21/02/2017,678
22/02/2017,291
23/02/2017,918
24/02/2017,592
25/02/2017,165
26/02/2017,397
27/02/2017,894
28/02/2017,831
01/03/2017,692
02/03/2017,799
03/03/2017,350
04/03/2017,591
05/03/2017,704
06/03/2017,729
07/03/2017,410
08/03/2017,628
09/03/2017,995
10/03/2017,309
11/03/2017,359
12/03/2017,1317
13/03/2017,1193
14/03/2017,1015
15/03/2017,1126
16/03/2017,630
17/03/2017,711
18/03/2017,578
19/03/2017,725
20/03/2017,1153
21/03/2017,904
22/03/2017,678
23/03/2017,1428
24/03/2017,1772
25/03/2017,1857
26/03/2017,1743
27/03/2017,1708
28/03/2017,635
29/03/2017,287
30/03/2017,232
31/03/2017,827
01/04/2017,1194
02/04/2017,1832
03/04/2017,380
04/04/2017,1469
05/04/2017,795
06/04/2017,908
07/04/2017,1856
08/04/2017,2076
09/04/2017,960
10/04/2017,1375
11/04/2017,1432
12/04/2017,1311
13/04/2017,988
14/04/2017,984
15/04/2017,1273
16/04/2017,1178
17/04/2017,1043
18/04/2017,2010
19/04/2017,1256
20/04/2017,1037
21/04/2017,830
22/04/2017,913
23/04/2017,1348
24/04/2017,1138
25/04/2017,2095
26/04/2017,1638
27/04/2017,1443
28/04/2017,1147
29/04/2017,1087
30/04/2017,780
01/05/2017,1474
02/05/2017,2628
03/05/2017,2650
04/05/2017,1584
05/05/2017,2445
06/05/2017,1659
07/05/2017,2454
08/05/2017,2828
09/05/2017,2756
10/05/2017,2721
11/05/2017,1282
12/05/2017,310
13/05/2017,1139
14/05/2017,2280
15/05/2017,309
16/05/2017,2159
17/05/2017,2322
18/05/2017,2818
19/05/2017,2417
20/05/2017,2545
21/05/2017,1808
22/05/2017,1978
23/05/2017,1615
24/05/2017,1649
25/05/2017,2550
26/05/2017,2833
27/05/2017,878
28/05/2017,1266
29/05/2017,1105
30/05/2017,2004
31/05/2017,1394
01/06/2017,675
02/06/2017,2637
03/06/2017,2770
04/06/2017,2915
05/06/2017,571
06/06/2017,2461
07/06/2017,1334
08/06/2017,1542
09/06/2017,2077
10/06/2017,1215
11/06/2017,2149
12/06/2017,1382
13/06/2017,1681
14/06/2017,1523
15/06/2017,2549
16/06/2017,2321
17/06/2017,3053
18/06/2017,3063
19/06/2017,2631
20/06/2017,2745
21/06/2017,1990
22/06/2017,2164
23/06/2017,1173
24/06/2017,2333
25/06/2017,1488
26/06/2017,1374
27/06/2017,1677
28/06/2017,1017
29/06/2017,983
30/06/2017,1628
01/07/2017,2091
02/07/2017,2860
03/07/2017,1596
04/07/2017,2325
05/07/2017,1904
06/07/2017,2126
07/07/2017,961
08/07/2017,1861
09/07/2017,2181
10/07/2017,1218
11/07/2017,788
12/07/2017,2881
13/07/2017,1695
14/07/2017,2326
15/07/2017,1668
16/07/2017,2133
17/07/2017,2817
18/07/2017,2160
19/07/2017,552
20/07/2017,2670
21/07/2017,1847
22/07/2017,2601
23/07/2017,1545
24/07/2017,2470
25/07/2017,1899
26/07/2017,1858
27/07/2017,2300
28/07/2017,765
29/07/2017,2159
30/07/2017,1724
31/07/2017,2222
01/08/2017,2280
02/08/2017,1686
03/08/2017,1369
04/08/2017,1255
05/08/2017,2017
06/08/2017,603
07/08/2017,1475
08/08/2017,1719
09/08/2017,2048
10/08/2017,2041
11/08/2017,879
12/08/2017,1687
13/08/2017,1659
14/08/2017,543
15/08/2017,2054
16/08/2017,462
17/08/2017,1702
18/08/2017,1425
19/08/2017,1330
20/08/2017,355
21/08/2017,726
22/08/2017,635
23/08/2017,1887
24/08/2017,2145
25/08/2017,822
26/08/2017,1184
27/08/2017,1115
28/08/2017,1034
29/08/2017,1035
30/08/2017,1898
31/08/2017,1311
01/09/2017,1983
02/09/2017,1162
03/09/2017,1237
04/09/2017,848
05/09/2017,1322
06/09/2017,1316
07/09/2017,615
08/09/2017,1209
09/09/2017,1546
10/09/2017,1058
11/09/2017,1143
12/09/2017,935
13/09/2017,1174
14/09/2017,1526
15/09/2017,1491
16/09/2017,622
17/09/2017,1675
18/09/2017,1455
19/09/2017,1027
20/09/2017,202
21/09/2017,1588
22/09/2017,759
23/09/2017,603
24/09/2017,1033
25/09/2017,1257
26/09/2017,928
27/09/2017,155
28/09/2017,857
29/09/2017,1290
30/09/2017,437
01/10/2017,465
02/10/2017,569
03/10/2017,929
04/10/2017,631
05/10/2017,1183
06/10/2017,889
07/10/2017,409
08/10/2017,501
09/10/2017,544
10/10/2017,832
11/10/2017,609
12/10/2017,589
13/10/2017,129
14/10/2017,433
15/10/2017,386
16/10/2017,371
17/10/2017,903
18/10/2017,177
19/10/2017,118
20/10/2017,386
21/10/2017,413
22/10/2017,468
23/10/2017,404
24/10/2017,182
25/10/2017,572
26/10/2017,158
27/10/2017,836
28/10/2017,336
29/10/2017,545
30/10/2017,585
31/10/2017,386
01/11/2017,390
02/11/2017,411
03/11/2017,142
04/11/2017,653
05/11/2017,735
06/11/2017,303
07/11/2017,520
08/11/2017,513
09/11/2017,457
10/11/2017,456
11/11/2017,164
12/11/2017,524
13/11/2017,418
14/11/2017,301
15/11/2017,283
16/11/2017,450
17/11/2017,471
18/11/2017,112
19/11/2017,200
20/11/2017,110
21/11/2017,40
22/11/2017,53
23/11/2017,389
24/11/2017,458
25/11/2017,468
26/11/2017,198
27/11/2017,191
28/11/2017,438
29/11/2017,445
30/11/2017,219
01/12/2017,415
02/12/2017,303
03/12/2017,270
04/12/2017,243
05/12/2017,163
06/12/2017,50
07/12/2017,288
08/12/2017,359
09/12/2017,199
10/12/2017,70
11/12/2017,378
12/12/2017,121
13/12/2017,246
14/12/2017,211
15/12/2017,349
16/12/2017,221
17/12/2017,122
18/12/2017,277
19/12/2017,115
20/12/2017,144
21/12/2017,141
22/12/2017,283
23/12/2017,129
24/12/2017,168
25/12/2017,62
26/12/2017,152
27/12/2017,367
28/12/2017,232
29/12/2017,291
30/12/2017,205
31/12/2017,190
01/01/2018,316
02/01/2018,146
03/01/2018,288
04/01/2018,244
05/01/2018,204
06/01/2018,141
07/01/2018,390
08/01/2018,65
09/01/2018,24
10/01/2018,292
11/01/2018,397
12/01/2018,239
13/01/2018,109
14/01/2018,334
15/01/2018,300
16/01/2018,324
17/01/2018,363
18/01/2018,390
19/01/2018,351
20/01/2018,263
21/01/2018,90
22/01/2018,203
23/01/2018,231
24/01/2018,424
25/01/2018,417
26/01/2018,412
27/01/2018,152
28/01/2018,296
29/01/2018,485
30/01/2018,315
31/01/2018,508
01/02/2018,627
02/02/2018,545
03/02/2018,345
04/02/2018,478
05/02/2018,467
06/02/2018,690
07/02/2018,400
08/02/2018,242
09/02/2018,684
10/02/2018,456
11/02/2018,727
12/02/2018,727
13/02/2018,820
14/02/2018,196
15/02/2018,776
16/02/2018,604
17/02/2018,657
18/02/2018,247
19/02/2018,584
20/02/2018,996
21/02/2018,629
22/02/2018,414
23/02/2018,405
24/02/2018,518
25/02/2018,1054
26/02/2018,493
27/02/2018,591
28/02/2018,680
01/03/2018,137
02/03/2018,210
03/03/2018,195
04/03/2018,722
05/03/2018,640
06/03/2018,750
07/03/2018,1239
08/03/2018,1073
09/03/2018,363
10/03/2018,696
11/03/2018,518
12/03/2018,625
13/03/2018,1274
14/03/2018,97
15/03/2018,824
16/03/2018,1083
17/03/2018,293
18/03/2018,269
19/03/2018,810
20/03/2018,1334
21/03/2018,847
22/03/2018,502
23/03/2018,893
24/03/2018,1016
25/03/2018,1349
26/03/2018,717
27/03/2018,959
28/03/2018,1353
29/03/2018,407
30/03/2018,1438
31/03/2018,840
01/04/2018,537
02/04/2018,308
03/04/2018,1800
04/04/2018,1073
05/04/2018,1307
06/04/2018,843
07/04/2018,1225
08/04/2018,1364
09/04/2018,1021
10/04/2018,535
11/04/2018,413
12/04/2018,864
13/04/2018,958
14/04/2018,734
15/04/2018,618
16/04/2018,939
17/04/2018,1214
18/04/2018,1638
19/04/2018,1042
20/04/2018,2409
21/04/2018,2271
22/04/2018,1797
23/04/2018,647
24/04/2018,709
25/04/2018,1894
26/04/2018,2056
27/04/2018,1102
28/04/2018,2089
29/04/2018,2196
30/04/2018,1920
01/05/2018,587
02/05/2018,2074
03/05/2018,901
04/05/2018,1478
05/05/2018,1706
06/05/2018,2390
07/05/2018,2333
08/05/2018,1774
09/05/2018,682
10/05/2018,2548
11/05/2018,1322
12/05/2018,2527
13/05/2018,2800
14/05/2018,1208
15/05/2018,1171
16/05/2018,2679
17/05/2018,2585
18/05/2018,2662
19/05/2018,2500
20/05/2018,878
21/05/2018,1408
22/05/2018,2737
23/05/2018,2914
24/05/2018,908
25/05/2018,2236
26/05/2018,1574
27/05/2018,1242
28/05/2018,2826
29/05/2018,2830
30/05/2018,2511
31/05/2018,958
01/06/2018,2187
02/06/2018,1686
03/06/2018,2800
04/06/2018,2990
05/06/2018,1799
06/06/2018,2518
07/06/2018,2749
08/06/2018,2538
09/06/2018,2995
10/06/2018,2408
11/06/2018,2400
12/06/2018,2372
13/06/2018,1201
14/06/2018,2565
15/06/2018,2138
16/06/2018,1869
17/06/2018,2115
18/06/2018,1492
19/06/2018,1350
20/06/2018,1888
21/06/2018,2724
22/06/2018,3094
23/06/2018,2891
24/06/2018,3086
25/06/2018,2811
26/06/2018,2763
27/06/2018,3076
28/06/2018,3087
29/06/2018,3053
30/06/2018,2971
01/07/2018,2135
02/07/2018,2850
03/07/2018,3084
04/07/2018,2797
05/07/2018,2677
06/07/2018,2409
07/07/2018,2698
08/07/2018,2948
09/07/2018,2569
10/07/2018,2923
11/07/2018,2512
12/07/2018,1997
13/07/2018,1790
14/07/2018,2878
15/07/2018,1114
16/07/2018,1417
17/07/2018,1860
18/07/2018,1890
19/07/2018,2262
20/07/2018,1364
21/07/2018,1488
22/07/2018,2105
23/07/2018,1824
24/07/2018,1885
25/07/2018,2754
26/07/2018,2095
27/07/2018,845
28/07/2018,2076
29/07/2018,1429
30/07/2018,2216
31/07/2018,1559
01/08/2018,879
02/08/2018,1564
03/08/2018,1675
04/08/2018,2041
05/08/2018,2365
06/08/2018,1643
07/08/2018,1382
08/08/2018,1967
09/08/2018,2285
10/08/2018,1830
11/08/2018,477
12/08/2018,2418
13/08/2018,1549
14/08/2018,1417
15/08/2018,430
16/08/2018,1896
17/08/2018,943
18/08/2018,994
19/08/2018,1715
20/08/2018,1927
21/08/2018,1443
22/08/2018,493
23/08/2018,1584
24/08/2018,1014
25/08/2018,2022
26/08/2018,916
27/08/2018,1199
28/08/2018,1005
29/08/2018,1860
30/08/2018,2047
31/08/2018,1270
01/09/2018,1196
02/09/2018,1059
03/09/2018,1932
04/09/2018,1961
05/09/2018,1823
06/09/2018,411
07/09/2018,1527
08/09/2018,576
09/09/2018,1083
10/09/2018,600
11/09/2018,1056
12/09/2018,1463
13/09/2018,1260
14/09/2018,1134
15/09/2018,898
16/09/2018,1447
17/09/2018,465
18/09/2018,828
19/09/2018,993
20/09/2018,182
21/09/2018,1318
22/09/2018,407
23/09/2018,1563
24/09/2018,1461
25/09/2018,1008
26/09/2018,1145
27/09/2018,1504
28/09/2018,1451
29/09/2018,1188
30/09/2018,755
01/10/2018,1218
02/10/2018,839
03/10/2018,579
04/10/2018,453
05/10/2018,357
06/10/2018,979
07/10/2018,578
08/10/2018,448
09/10/2018,692
10/10/2018,1053
11/10/2018,570
12/10/2018,249
13/10/2018,187
14/10/2018,1062
15/10/2018,1186
16/10/2018,396
17/10/2018,819
18/10/2018,865
19/10/2018,848
20/10/2018,722
21/10/2018,412
22/10/2018,970
23/10/2018,710
24/10/2018,893
25/10/2018,335
26/10/2018,934
27/10/2018,919
28/10/2018,606
29/10/2018,724
30/10/2018,588
31/10/2018,244
01/11/2018,758
02/11/2018,471
03/11/2018,100
04/11/2018,388
05/11/2018,86
06/11/2018,91
07/11/2018,400
08/11/2018,212
09/11/2018,81
10/11/2018,357
11/11/2018,408
12/11/2018,336
13/11/2018,386
14/11/2018,113
15/11/2018,129
16/11/2018,111
17/11/2018,77
18/11/2018,561
19/11/2018,97
20/11/2018,450
21/11/2018,205
22/11/2018,337
23/11/2018,54
24/11/2018,54
25/11/2018,264
26/11/2018,228
27/11/2018,316
28/11/2018,99
29/11/2018,190
30/11/2018,409
01/12/2018,266
02/12/2018,140
03/12/2018,382
04/12/2018,69
05/12/2018,122
06/12/2018,78
07/12/2018,381
08/12/2018,226
09/12/2018,386
10/12/2018,143
11/12/2018,43
12/12/2018,289
13/12/2018,35
14/12/2018,25
15/12/2018,37
16/12/2018,81
17/12/2018,94
18/12/2018,131
19/12/2018,168
20/12/2018,274
21/12/2018,230
22/12/2018,324
23/12/2018,62
24/12/2018,44
25/12/2018,100
26/12/2018,107
27/12/2018,177
28/12/2018,117
29/12/2018,180
30/12/2018,167
31/12/2018,125
01/01/2019,218
02/01/2019,95
03/01/2019,65
04/01/2019,57
05/01/2019,71
06/01/2019,248
07/01/2019,97
08/01/2019,347
09/01/2019,381
10/01/2019,156
11/01/2019,186
12/01/2019,213
13/01/2019,225
14/01/2019,225
15/01/2019,257
16/01/2019,394
17/01/2019,400
18/01/2019,310
19/01/2019,311
20/01/2019,474
21/01/2019,168
22/01/2019,264
23/01/2019,131
24/01/2019,158
25/01/2019,395
26/01/2019,213
27/01/2019,482
28/01/2019,550
29/01/2019,501
30/01/2019,640
31/01/2019,67
01/02/2019,443
02/02/2019,706
03/02/2019,351
04/02/2019,704
05/02/2019,93
06/02/2019,545
07/02/2019,613
08/02/2019,594
09/02/2019,600
10/02/2019,760
11/02/2019,609
12/02/2019,214
13/02/2019,251
14/02/2019,350
15/02/2019,649
16/02/2019,524
17/02/2019,831
18/02/2019,728
19/02/2019,302
20/02/2019,138
21/02/2019,325
22/02/2019,889
23/02/2019,252
24/02/2019,633
25/02/2019,1066
26/02/2019,1131
27/02/2019,692
28/02/2019,626
01/03/2019,557
02/03/2019,216
03/03/2019,155
04/03/2019,1041
05/03/2019,735
06/03/2019,540
07/03/2019,1173
08/03/2019,427
09/03/2019,1062
10/03/2019,1112
11/03/2019,838
12/03/2019,963
13/03/2019,873
14/03/2019,901
15/03/2019,777
16/03/2019,322
17/03/2019,1576
18/03/2019,396
19/03/2019,541
20/03/2019,648
21/03/2019,867
22/03/2019,327
23/03/2019,1153
24/03/2019,1239
25/03/2019,1196
26/03/2019,1585
27/03/2019,1733
28/03/2019,1598
29/03/2019,1449
30/03/2019,1510
31/03/2019,1047
01/04/2019,392
02/04/2019,1685
03/04/2019,1322
04/04/2019,542
05/04/2019,933
06/04/2019,1444
07/04/2019,1771
08/04/2019,1224
09/04/2019,281
10/04/2019,1802
11/04/2019,1747
12/04/2019,1009
13/04/2019,1651
14/04/2019,294
15/04/2019,180
16/04/2019,851
17/04/2019,1139
18/04/2019,1880
19/04/2019,1831
20/04/2019,2121
21/04/2019,2172
22/04/2019,1948
23/04/2019,1713
24/04/2019,362
25/04/2019,768
26/04/2019,1196
27/04/2019,2280
28/04/2019,667
29/04/2019,410
30/04/2019,409
01/05/2019,2011
02/05/2019,1265
03/05/2019,1615
04/05/2019,2523
05/05/2019,2023
06/05/2019,1958
07/05/2019,2045
08/05/2019,408
09/05/2019,1867
10/05/2019,2705
11/05/2019,2083
12/05/2019,2635
13/05/2019,2799
14/05/2019,2525
15/05/2019,2386
16/05/2019,1507
17/05/2019,983
18/05/2019,1961
19/05/2019,1309
20/05/2019,2110
21/05/2019,2644
22/05/2019,2614
23/05/2019,1181
24/05/2019,1642
25/05/2019,1407
26/05/2019,2326
27/05/2019,1748
28/05/2019,1739
29/05/2019,1411
30/05/2019,2177
31/05/2019,938
01/06/2019,1037
02/06/2019,2465
03/06/2019,2543
04/06/2019,962
05/06/2019,1368
06/06/2019,2832
07/06/2019,1135
08/06/2019,2155
09/06/2019,2894
10/06/2019,2985
11/06/2019,2677
12/06/2019,575
13/06/2019,547
14/06/2019,1102
15/06/2019,2998
16/06/2019,1646
17/06/2019,2634
18/06/2019,2580
19/06/2019,2279
20/06/2019,2260
21/06/2019,2796
22/06/2019,2528
23/06/2019,459
24/06/2019,2149
25/06/2019,1970
26/06/2019,2519
27/06/2019,2919
28/06/2019,1056
29/06/2019,2052
30/06/2019,2425
01/07/2019,2041
02/07/2019,1539
03/07/2019,3097
04/07/2019,2999
05/07/2019,2747
06/07/2019,1108
07/07/2019,1556
08/07/2019,1548
09/07/2019,2718
10/07/2019,1410
11/07/2019,1271
12/07/2019,2726
13/07/2019,2038
14/07/2019,2890
15/07/2019,2492
16/07/2019,2509
17/07/2019,787
18/07/2019,2089
19/07/2019,1164
20/07/2019,1882
21/07/2019,907
22/07/2019,2053
23/07/2019,1690
24/07/2019,2016
25/07/2019,858
26/07/2019,2462
27/07/2019,1942
28/07/2019,1619
29/07/2019,1449
30/07/2019,970
31/07/2019,2543
01/08/2019,2578
02/08/2019,2074
03/08/2019,887
04/08/2019,1532
05/08/2019,2344
06/08/2019,2219
07/08/2019,2046
08/08/2019,1393
09/08/2019,1065
10/08/2019,1370
11/08/2019,1271
12/08/2019,1752
13/08/2019,1457
14/08/2019,1403
15/08/2019,2163
16/08/2019,823
17/08/2019,2242
18/08/2019,1932
19/08/2019,1939
20/08/2019,1331
21/08/2019,980
22/08/2019,857
23/08/2019,1078
24/08/2019,2000
25/08/2019,1758
26/08/2019,2128
27/08/2019,1160
28/08/2019,1731
29/08/2019,1104
30/08/2019,692
31/08/2019,1789
01/09/2019,1764
02/09/2019,1365
03/09/2019,469
04/09/2019,1719
05/09/2019,1732
06/09/2019,1317
07/09/2019,1191
08/09/2019,1790
09/09/2019,1401
10/09/2019,1459
11/09/2019,1712
12/09/2019,672
13/09/2019,1854
14/09/2019,1791
15/09/2019,1062
16/09/2019,677
17/09/2019,1767
18/09/2019,1726
19/09/2019,1693
20/09/2019,1273
21/09/2019,647
22/09/2019,332
23/09/2019,258
24/09/2019,967
25/09/2019,662
26/09/2019,882
27/09/2019,1163
28/09/2019,651
29/09/2019,1157
30/09/2019,195
01/10/2019,867
02/10/2019,1092
03/10/2019,262
04/10/2019,532
05/10/2019,284
06/10/2019,1143
07/10/2019,895
08/10/2019,1132
09/10/2019,940
10/10/2019,361
11/10/2019,820
12/10/2019,938
13/10/2019,988
14/10/2019,427
15/10/2019,791
16/10/2019,1100
17/10/2019,582
18/10/2019,499
19/10/2019,635
20/10/2019,904
21/10/2019,804
22/10/2019,338
23/10/2019,495
24/10/2019,943
25/10/2019,131
26/10/2019,625
27/10/2019,931
28/10/2019,253
29/10/2019,379
30/10/2019,146
31/10/2019,92
01/11/2019,232
02/11/2019,144
03/11/2019,635
04/11/2019,402
05/11/2019,513
06/11/2019,255
07/11/2019,418
08/11/2019,678
09/11/2019,402
10/11/2019,447
11/11/2019,627
12/11/2019,627
13/11/2019,99
14/11/2019,440
15/11/2019,435
16/11/2019,290
17/11/2019,336
18/11/2019,522
19/11/2019,219
20/11/2019,152
21/11/2019,38
22/11/2019,310
23/11/2019,58
24/11/2019,124
25/11/2019,123
26/11/2019,168
27/11/2019,342
28/11/2019,249
29/11/2019,423
30/11/2019,195
01/12/2019,249
02/12/2019,281
03/12/2019,331
04/12/2019,142
05/12/2019,77
06/12/2019,232
07/12/2019,145
08/12/2019,364
09/12/2019,328
10/12/2019,40
11/12/2019,381
12/12/2019,245
13/12/2019,331
14/12/2019,277
15/12/2019,103
16/12/2019,338
17/12/2019,332
18/12/2019,16
19/12/2019,58
20/12/2019,336
21/12/2019,200
22/12/2019,333
23/12/2019,220
24/12/2019,314
25/12/2019,234
26/12/2019,247
27/12/2019,93
28/12/2019,88
29/12/2019,140
30/12/2019,117
31/12/2019,97
01/01/2020,138
02/01/2020,51
03/01/2020,394
04/01/2020,354
05/01/2020,142
06/01/2020,308
07/01/2020,52
08/01/2020,171
09/01/2020,152
10/01/2020,332
11/01/2020,57
12/01/2020,455
13/01/2020,88
14/01/2020,153
15/01/2020,393
16/01/2020,116
17/01/2020,396
18/01/2020,550
19/01/2020,482
20/01/2020,524
21/01/2020,183
22/01/2020,272
23/01/2020,224
24/01/2020,167
25/01/2020,161
26/01/2020,381
27/01/2020,301
28/01/2020,532
29/01/2020,430
30/01/2020,280
31/01/2020,217
01/02/2020,476
02/02/2020,239
03/02/2020,368
04/02/2020,670
05/02/2020,666
06/02/2020,263
07/02/2020,98
08/02/2020,435
09/02/2020,421
10/02/2020,407
11/02/2020,741
12/02/2020,685
13/02/2020,644
14/02/2020,468
15/02/2020,87
16/02/2020,535
17/02/2020,731
18/02/2020,567
19/02/2020,165
20/02/2020,845
21/02/2020,178
22/02/2020,501
23/02/2020,753
24/02/2020,657
25/02/2020,685
26/02/2020,882
27/02/2020,1217
28/02/2020,185
29/02/2020,846
01/03/2020,1191
02/03/2020,1104
03/03/2020,1113
04/03/2020,417
05/03/2020,1016
06/03/2020,1222
07/03/2020,239
08/03/2020,1172
09/03/2020,196
10/03/2020,597
11/03/2020,959
12/03/2020,1287
13/03/2020,905
14/03/2020,425
15/03/2020,1073
16/03/2020,1189
17/03/2020,287
18/03/2020,543
19/03/2020,979
20/03/2020,965
21/03/2020,822
22/03/2020,1738
23/03/2020,1500
24/03/2020,1031
25/03/2020,1696
26/03/2020,1822
27/03/2020,1871
28/03/2020,1621
29/03/2020,798
30/03/2020,1082
31/03/2020,1883
01/04/2020,802
02/04/2020,1420
03/04/2020,1370
04/04/2020,1202
05/04/2020,781
06/04/2020,2083
07/04/2020,2096
08/04/2020,1713
09/04/2020,1812
10/04/2020,1664
11/04/2020,2118
12/04/2020,736
13/04/2020,2223
14/04/2020,2275
15/04/2020,2200
16/04/2020,2065
17/04/2020,469
18/04/2020,380
19/04/2020,1630
20/04/2020,2425
21/04/2020,1399
22/04/2020,1920
23/04/2020,2137
24/04/2020,1867
25/04/2020,2018
26/04/2020,923
27/04/2020,1251
28/04/2020,1804
29/04/2020,1417
30/04/2020,1471
01/05/2020,2012
02/05/2020,2431
03/05/2020,1774
04/05/2020,2345
05/05/2020,1305
06/05/2020,2348
07/05/2020,979
08/05/2020,2324
09/05/2020,2647
10/05/2020,1952
11/05/2020,2223
12/05/2020,2219
13/05/2020,2501
14/05/2020,2497
15/05/2020,1533
16/05/2020,1659
17/05/2020,2051
18/05/2020,596
19/05/2020,2615
20/05/2020,2546
21/05/2020,2241
22/05/2020,2731
23/05/2020,1966
24/05/2020,2906
25/05/2020,2172
26/05/2020,1607
27/05/2020,2898
28/05/2020,2874
29/05/2020,2903
30/05/2020,2983
31/05/2020,2958
01/06/2020,3069
02/06/2020,2699
03/06/2020,1247
04/06/2020,1144
05/06/2020,2317
06/06/2020,1056
07/06/2020,1106
08/06/2020,2490
09/06/2020,1325
10/06/2020,1158
11/06/2020,1400
12/06/2020,2102
13/06/2020,2442
14/06/2020,2260
15/06/2020,2907
16/06/2020,2834
17/06/2020,1333
18/06/2020,1007
19/06/2020,1742
20/06/2020,1796
21/06/2020,2974
22/06/2020,344
23/06/2020,1168
24/06/2020,2406
25/06/2020,2427
26/06/2020,1599
27/06/2020,1437
28/06/2020,1970
29/06/2020,1296
30/06/2020,939
01/07/2020,1581
02/07/2020,1892
03/07/2020,429
04/07/2020,1476
05/07/2020,2272
06/07/2020,1901
07/07/2020,515
08/07/2020,562
09/07/2020,1264
10/07/2020,1971
11/07/2020,2632
12/07/2020,2006
13/07/2020,1193
14/07/2020,1004
15/07/2020,2143
16/07/2020,1895
17/07/2020,2161
18/07/2020,866
19/07/2020,2834
20/07/2020,2322
21/07/2020,2607
22/07/2020,1441
23/07/2020,1314
24/07/2020,1032
25/07/2020,1197
26/07/2020,2107
27/07/2020,1942
28/07/2020,2119
29/07/2020,1105
30/07/2020,1342
31/07/2020,1609
01/08/2020,1704
02/08/2020,1760
03/08/2020,1828
04/08/2020,721
05/08/2020,860
06/08/2020,1269
07/08/2020,1461
08/08/2020,2475
09/08/2020,2511
10/08/2020,802
11/08/2020,1788
12/08/2020,1893
13/08/2020,1180
14/08/2020,1232
15/08/2020,509
16/08/2020,651
17/08/2020,529
18/08/2020,1887
19/08/2020,332
20/08/2020,894
21/08/2020,1445
22/08/2020,1597
23/08/2020,1379
24/08/2020,719
25/08/2020,1245
26/08/2020,1846
27/08/2020,922
28/08/2020,1111
29/08/2020,1377
30/08/2020,1660
31/08/2020,1426
01/09/2020,1485
02/09/2020,336
03/09/2020,1396
04/09/2020,1167
05/09/2020,1403
06/09/2020,1284
07/09/2020,866
08/09/2020,1075
09/09/2020,1724
10/09/2020,1055
11/09/2020,1149
12/09/2020,1618
13/09/2020,707
14/09/2020,1101
15/09/2020,1342
16/09/2020,1201
17/09/2020,1389
18/09/2020,1671
19/09/2020,1132
20/09/2020,1613
21/09/2020,1520
22/09/2020,315
23/09/2020,1095
24/09/2020,1118
25/09/2020,1287
26/09/2020,1464
27/09/2020,1501
28/09/2020,895
29/09/2020,1322
30/09/2020,621
01/10/2020,840
02/10/2020,1005
03/10/2020,1173
04/10/2020,252
05/10/2020,593
06/10/2020,1151
07/10/2020,664
08/10/2020,1036
09/10/2020,991
10/10/2020,994
11/10/2020,1183
12/10/2020,872
13/10/2020,898
14/10/2020,1059
15/10/2020,974
16/10/2020,816
17/10/2020,871
18/10/2020,671
19/10/2020,179
20/10/2020,465
21/10/2020,547
22/10/2020,858
23/10/2020,748
24/10/2020,190
25/10/2020,728
26/10/2020,691
27/10/2020,606
28/10/2020,641
29/10/2020,96
30/10/2020,441
31/10/2020,668
01/11/2020,160
02/11/2020,557
03/11/2020,614
04/11/2020,749
05/11/2020,620
06/11/2020,698
07/11/2020,323
08/11/2020,255
09/11/2020,227
10/11/2020,283
11/11/2020,45
12/11/2020,413
13/11/2020,402
14/11/2020,158
15/11/2020,435
16/11/2020,99
17/11/2020,105
18/11/2020,366
19/11/2020,448
20/11/2020,161
21/11/2020,205
22/11/2020,485
23/11/2020,115
24/11/2020,97
25/11/2020,477
26/11/2020,430
27/11/2020,263
28/11/2020,83
29/11/2020,137
30/11/2020,81
01/12/2020,250
02/12/2020,369
03/12/2020,250
04/12/2020,360
05/12/2020,193
06/12/2020,424
07/12/2020,301
08/12/2020,290
09/12/2020,83
10/12/2020,239
11/12/2020,341
12/12/2020,355
13/12/2020,98
14/12/2020,237
15/12/2020,253
16/12/2020,205
17/12/2020,90
18/12/2020,67
19/12/2020,181
20/12/2020,339
21/12/2020,112
22/12/2020,121
23/12/2020,137
24/12/2020,380
25/12/2020,281
26/12/2020,103
27/12/2020,256
28/12/2020,240
29/12/2020,341
30/12/2020,247
31/12/2020,272
01/01/2021,391
02/01/2021,187
03/01/2021,265
04/01/2021,160
05/01/2021,198
06/01/2021,292
07/01/2021,201
08/01/2021,448
09/01/2021,430
10/01/2021,350
11/01/2021,190
12/01/2021,99
13/01/2021,226
14/01/2021,464
15/01/2021,280
16/01/2021,378
17/01/2021,279
18/01/2021,143
19/01/2021,86
20/01/2021,116
21/01/2021,455
22/01/2021,414
23/01/2021,564
24/01/2021,310
25/01/2021,477
26/01/2021,205
27/01/2021,178
28/01/2021,141
29/01/2021,483
30/01/2021,97
31/01/2021,70
01/02/2021,131
02/02/2021,199
03/02/2021,511
04/02/2021,479
05/02/2021,304
06/02/2021,452
07/02/2021,109
08/02/2021,121
09/02/2021,129
10/02/2021,396
11/02/2021,103
12/02/2021,254
13/02/2021,73
14/02/2021,174
15/02/2021,603
16/02/2021,573
17/02/2021,528
18/02/2021,760
19/02/2021,82
20/02/2021,106
21/02/2021,676
22/02/2021,975
23/02/2021,73
24/02/2021,273
25/02/2021,944
26/02/2021,966
27/02/2021,733
28/02/2021,1096
01/03/2021,1047
02/03/2021,990
03/03/2021,348
04/03/2021,336
05/03/2021,616
06/03/2021,619
07/03/2021,1256
08/03/2021,975
09/03/2021,338
10/03/2021,180
11/03/2021,1014
12/03/2021,811
13/03/2021,1222
14/03/2021,505
15/03/2021,768
16/03/2021,1472
17/03/2021,1547
18/03/2021,955
19/03/2021,1090
20/03/2021,834
21/03/2021,1385
22/03/2021,583
23/03/2021,683
24/03/2021,1514
25/03/2021,750
26/03/2021,1417
27/03/2021,1087
28/03/2021,273
29/03/2021,640
30/03/2021,1442
31/03/2021,1526
01/04/2021,1421
02/04/2021,1822
03/04/2021,1997
04/04/2021,2019
05/04/2021,1469
06/04/2021,1521
07/04/2021,1168
08/04/2021,1327
09/04/2021,860
10/04/2021,1622
11/04/2021,1864
12/04/2021,1266
13/04/2021,1585
14/04/2021,2257
15/04/2021,2063
16/04/2021,2149
17/04/2021,1882
18/04/2021,936
19/04/2021,1212
20/04/2021,974
21/04/2021,1900
22/04/2021,2355
23/04/2021,2353
24/04/2021,2475
25/04/2021,2544
26/04/2021,2478
27/04/2021,1079
28/04/2021,1133
29/04/2021,1285
30/04/2021,1543
01/05/2021,2163
02/05/2021,1943
03/05/2021,738
04/05/2021,2454
05/05/2021,1864
06/05/2021,2005
07/05/2021,2503
08/05/2021,1227
09/05/2021,1702
10/05/2021,1638
11/05/2021,2445
12/05/2021,2557
13/05/2021,1951
14/05/2021,2080
15/05/2021,2268
16/05/2021,1158
17/05/2021,1432
18/05/2021,2061
19/05/2021,2435
20/05/2021,437
21/05/2021,634
22/05/2021,1810
23/05/2021,1118
24/05/2021,2009
25/05/2021,1593
26/05/2021,2101
27/05/2021,1369
28/05/2021,579
29/05/2021,2574
30/05/2021,2954
31/05/2021,2769
01/06/2021,2736
02/06/2021,1412
03/06/2021,2176
04/06/2021,2174
05/06/2021,2031
06/06/2021,1787
07/06/2021,2188
08/06/2021,1442
09/06/2021,843
10/06/2021,800
11/06/2021,2060
12/06/2021,2674
13/06/2021,3011
14/06/2021,2794
15/06/2021,2513
16/06/2021,1526
17/06/2021,2554
18/06/2021,2807
19/06/2021,2077
20/06/2021,1481
21/06/2021,2534
22/06/2021,2329
23/06/2021,840
24/06/2021,2265
25/06/2021,1096
26/06/2021,2219
27/06/2021,2967
28/06/2021,2344
29/06/2021,2729
30/06/2021,1866
01/07/2021,2074
02/07/2021,1600
03/07/2021,1081
04/07/2021,1764
05/07/2021,2026
06/07/2021,1122
07/07/2021,1804
08/07/2021,2466
09/07/2021,976
10/07/2021,814
11/07/2021,362
12/07/2021,1249
13/07/2021,1864
14/07/2021,2423
15/07/2021,2788
16/07/2021,2484
17/07/2021,2859
18/07/2021,2799
19/07/2021,2828
20/07/2021,2822
21/07/2021,2722
22/07/2021,2449
23/07/2021,2347
24/07/2021,2338
25/07/2021,2542
26/07/2021,1516
27/07/2021,1306
28/07/2021,2227
29/07/2021,1436
30/07/2021,1377
31/07/2021,1334
01/08/2021,1870
02/08/2021,1361
03/08/2021,1812
04/08/2021,1843
05/08/2021,1141
06/08/2021,1826
07/08/2021,1215
08/08/2021,2029
09/08/2021,1380
10/08/2021,1995
11/08/2021,1188
12/08/2021,1711
13/08/2021,2063
14/08/2021,633
15/08/2021,1084
16/08/2021,1103
17/08/2021,1318
18/08/2021,1495
19/08/2021,1726
20/08/2021,363
21/08/2021,1476
22/08/2021,1428
23/08/2021,2100
24/08/2021,2175
25/08/2021,2052
26/08/2021,2081
27/08/2021,2115
28/08/2021,2106
29/08/2021,1646
30/08/2021,1140
31/08/2021,956
01/09/2021,1076
02/09/2021,886
03/09/2021,872
04/09/2021,802
05/09/2021,679
06/09/2021,970
07/09/2021,1855
08/09/2021,561
09/09/2021,774
10/09/2021,802
11/09/2021,1159
12/09/2021,448
13/09/2021,535
14/09/2021,1174
15/09/2021,896
16/09/2021,1206
17/09/2021,668
18/09/2021,1255
19/09/2021,1434
20/09/2021,1079
21/09/2021,1368
22/09/2021,1011
23/09/2021,1444
24/09/2021,1120
25/09/2021,728
26/09/2021,641
27/09/2021,1339
28/09/2021,1036
29/09/2021,1203
30/09/2021,709
01/10/2021,1203
02/10/2021,729
03/10/2021,1210
04/10/2021,806
05/10/2021,1239
06/10/2021,325
07/10/2021,258
08/10/2021,480
09/10/2021,495
10/10/2021,1197
11/10/2021,1130
12/10/2021,1091
13/10/2021,770
14/10/2021,615
15/10/2021,581
16/10/2021,476
17/10/2021,228
18/10/2021,326
19/10/2021,191
20/10/2021,489
21/10/2021,994
22/10/2021,486
23/10/2021,321
24/10/2021,652
25/10/2021,833
26/10/2021,243
27/10/2021,72
28/10/2021,250
29/10/2021,755
30/10/2021,825
31/10/2021,222
01/11/2021,784
02/11/2021,708
03/11/2021,693
04/11/2021,740
05/11/2021,282
06/11/2021,229
07/11/2021,627
08/11/2021,223
09/11/2021,210
10/11/2021,441
11/11/2021,167
12/11/2021,218
13/11/2021,406
14/11/2021,191
15/11/2021,470
16/11/2021,261
17/11/2021,309
18/11/2021,298
19/11/2021,201
20/11/2021,352
21/11/2021,532
22/11/2021,444
23/11/2021,504
24/11/2021,182
25/11/2021,390
26/11/2021,361
27/11/2021,475
28/11/2021,219
29/11/2021,250
30/11/2021,220
01/12/2021,398
02/12/2021,286
03/12/2021,126
04/12/2021,369
05/12/2021,404
06/12/2021,309
07/12/2021,207
08/12/2021,377
09/12/2021,152
10/12/2021,338
11/12/2021,95
12/12/2021,74
13/12/2021,73
14/12/2021,118
15/12/2021,162
16/12/2021,80
17/12/2021,68
18/12/2021,131
19/12/2021,173
20/12/2021,56
21/12/2021,66
22/12/2021,18
23/12/2021,159
24/12/2021,167
25/12/2021,17
26/12/2021,282
27/12/2021,57
28/12/2021,295
29/12/2021,304
30/12/2021,35
31/12/2021,110
01/01/2022,193
02/01/2022,227
03/01/2022,161
04/01/2022,384
05/01/2022,318
06/01/2022,319
07/01/2022,206
08/01/2022,236
09/01/2022,143
10/01/2022,154
11/01/2022,325
12/01/2022,436
13/01/2022,354
14/01/2022,364
15/01/2022,135
16/01/2022,243
17/01/2022,476
18/01/2022,208
19/01/2022,400
20/01/2022,440
21/01/2022,166
22/01/2022,161
23/01/2022,161
24/01/2022,75
25/01/2022,102
26/01/2022,449
27/01/2022,384
28/01/2022,184
29/01/2022,385
30/01/2022,291
31/01/2022,346
01/02/2022,539
02/02/2022,401
03/02/2022,351
04/02/2022,628
05/02/2022,340
06/02/2022,524
07/02/2022,323
08/02/2022,311
09/02/2022,467
10/02/2022,774
11/02/2022,429
12/02/2022,308
13/02/2022,381
14/02/2022,823
15/02/2022,307
16/02/2022,283
17/02/2022,608
18/02/2022,733
19/02/2022,737
20/02/2022,199
21/02/2022,793
22/02/2022,930
23/02/2022,571
24/02/2022,948
25/02/2022,1035
26/02/2022,216
27/02/2022,434
28/02/2022,226
01/03/2022,1121
02/03/2022,178
03/03/2022,1042
04/03/2022,1170
05/03/2022,1330
06/03/2022,1184
07/03/2022,696
08/03/2022,611
09/03/2022,95
10/03/2022,1339
11/03/2022,762
12/03/2022,585
13/03/2022,1168
14/03/2022,1436
15/03/2022,611
16/03/2022,1237
17/03/2022,1049
18/03/2022,958
19/03/2022,1628
20/03/2022,703
21/03/2022,1358
22/03/2022,1011
23/03/2022,1431
24/03/2022,1705
25/03/2022,1626
26/03/2022,1759
27/03/2022,1752
28/03/2022,1709
29/03/2022,1269
30/03/2022,984
31/03/2022,1410
01/04/2022,1666
02/04/2022,1143
03/04/2022,1702
04/04/2022,601
05/04/2022,1065
06/04/2022,1469
07/04/2022,1862
08/04/2022,1563
09/04/2022,1605
10/04/2022,1172
11/04/2022,552
12/04/2022,865
13/04/2022,2140
14/04/2022,729
15/04/2022,1373
16/04/2022,778
17/04/2022,433
18/04/2022,1882
19/04/2022,1680
20/04/2022,2349
21/04/2022,2062
22/04/2022,1120
23/04/2022,1309
24/04/2022,2349
25/04/2022,2206
26/04/2022,1703
27/04/2022,1779
28/04/2022,2089
29/04/2022,2246
30/04/2022,1246
01/05/2022,884
02/05/2022,1460
03/05/2022,987
04/05/2022,2267
05/05/2022,2454
06/05/2022,1044
07/05/2022,2506
08/05/2022,2452
09/05/2022,505
10/05/2022,2486
11/05/2022,2219
12/05/2022,1783
13/05/2022,2558
14/05/2022,2153
15/05/2022,1642
16/05/2022,1270
17/05/2022,663
18/05/2022,1631
19/05/2022,2377
20/05/2022,1481
21/05/2022,1764
22/05/2022,1873
23/05/2022,1211
24/05/2022,1831
25/05/2022,1924
26/05/2022,1602
27/05/2022,2897
28/05/2022,2931
29/05/2022,2633
30/05/2022,1349
31/05/2022,1964
01/06/2022,2311
02/06/2022,2433
03/06/2022,2902
04/06/2022,894
05/06/2022,499
06/06/2022,1749
07/06/2022,1811
08/06/2022,2649
09/06/2022,1881
10/06/2022,2707
11/06/2022,2394
12/06/2022,2075
13/06/2022,1319
14/06/2022,1798
15/06/2022,2433
16/06/2022,1930
17/06/2022,2404
18/06/2022,1022
19/06/2022,1784
20/06/2022,3087
21/06/2022,3037
22/06/2022,2282
23/06/2022,2956
24/06/2022,1079
25/06/2022,2226
26/06/2022,1671
27/06/2022,2404
28/06/2022,1667
29/06/2022,2319
30/06/2022,1108
01/07/2022,1344
02/07/2022,2993
03/07/2022,1895
04/07/2022,2028
05/07/2022,2341
06/07/2022,1616
07/07/2022,2669
08/07/2022,2446
09/07/2022,1937
10/07/2022,2964
11/07/2022,2433
12/07/2022,1024
13/07/2022,2610
14/07/2022,2256
15/07/2022,2472
16/07/2022,2516
17/07/2022,2185
18/07/2022,2430
19/07/2022,2045
20/07/2022,1409
21/07/2022,1354
22/07/2022,2292
23/07/2022,423
24/07/2022,1146
25/07/2022,1597
26/07/2022,1423
27/07/2022,1078
28/07/2022,1954
29/07/2022,1576
30/07/2022,1139
31/07/2022,1176
01/08/2022,932
02/08/2022,772
03/08/2022,2563
04/08/2022,2228
05/08/2022,2046
06/08/2022,2343
07/08/2022,2580
08/08/2022,2396
09/08/2022,2650
10/08/2022,2598
11/08/2022,2554
12/08/2022,2491
13/08/2022,2287
14/08/2022,1586
15/08/2022,1635
16/08/2022,942
17/08/2022,1403
18/08/2022,1086
19/08/2022,1926
20/08/2022,2143
21/08/2022,958
22/08/2022,1361
23/08/2022,1145
24/08/2022,1067
25/08/2022,1908
26/08/2022,1540
27/08/2022,1957
28/08/2022,1025
29/08/2022,2011
30/08/2022,2061
31/08/2022,2014
01/09/2022,1781
02/09/2022,1122
03/09/2022,376
04/09/2022,1882
05/09/2022,1075
06/09/2022,928
07/09/2022,1190
08/09/2022,1209
09/09/2022,961
10/09/2022,1844
11/09/2022,199
12/09/2022,659
13/09/2022,1624
14/09/2022,1257
15/09/2022,882
16/09/2022,1490
17/09/2022,1592
18/09/2022,1450
19/09/2022,924
20/09/2022,1222
21/09/2022,523
22/09/2022,521
23/09/2022,1270
24/09/2022,1396
25/09/2022,715
26/09/2022,1026
27/09/2022,309
28/09/2022,1251
29/09/2022,1013
30/09/2022,378
01/10/2022,1212
02/10/2022,1157
03/10/2022,536
04/10/2022,200
05/10/2022,877
06/10/2022,743
07/10/2022,937
08/10/2022,1163
09/10/2022,308
10/10/2022,1205
11/10/2022,515
12/10/2022,408
13/10/2022,584
14/10/2022,578
15/10/2022,648
16/10/2022,246
17/10/2022,1083
18/10/2022,610
19/10/2022,90
20/10/2022,603
21/10/2022,555
22/10/2022,575
23/10/2022,597
24/10/2022,806
25/10/2022,382
26/10/2022,643
27/10/2022,221
28/10/2022,747
29/10/2022,242
30/10/2022,477
31/10/2022,239
01/11/2022,450
02/11/2022,171
03/11/2022,347
04/11/2022,561
05/11/2022,521
06/11/2022,357
07/11/2022,134
08/11/2022,365
09/11/2022,491
10/11/2022,146
11/11/2022,191
12/11/2022,191
13/11/2022,226
14/11/2022,525
15/11/2022,424
16/11/2022,367
17/11/2022,434
18/11/2022,545
19/11/2022,182
20/11/2022,415
21/11/2022,502
22/11/2022,388
23/11/2022,303
24/11/2022,297
25/11/2022,396
26/11/2022,41
27/11/2022,247
28/11/2022,357
29/11/2022,280
30/11/2022,101
01/12/2022,233
02/12/2022,258
03/12/2022,138
04/12/2022,154
05/12/2022,186
06/12/2022,264
07/12/2022,289
08/12/2022,241
09/12/2022,376
10/12/2022,382
11/12/2022,370
12/12/2022,249
13/12/2022,154
14/12/2022,271
15/12/2022,349
16/12/2022,217
17/12/2022,235
18/12/2022,44
19/12/2022,182
20/12/2022,247
21/12/2022,330
22/12/2022,221
23/12/2022,272
24/12/2022,205
25/12/2022,332
26/12/2022,339
27/12/2022,49
28/12/2022,172
29/12/2022,322
30/12/2022,249
31/12/2022,93
01/01/2023,218
02/01/2023,385
03/01/2023,51
04/01/2023,307
05/01/2023,90
06/01/2023,198
07/01/2023,271
08/01/2023,220
09/01/2023,363
10/01/2023,46
11/01/2023,156
12/01/2023,298
13/01/2023,343
14/01/2023,332
15/01/2023,369
16/01/2023,455
17/01/2023,455
18/01/2023,491
19/01/2023,488
20/01/2023,223
21/01/2023,86
22/01/2023,87
23/01/2023,87
24/01/2023,163
25/01/2023,259
26/01/2023,283
27/01/2023,354
28/01/2023,457
29/01/2023,348
30/01/2023,415
31/01/2023,466
01/02/2023,378
02/02/2023,458
03/02/2023,420
04/02/2023,387
05/02/2023,632
06/02/2023,458
07/02/2023,510
08/02/2023,520
09/02/2023,729
10/02/2023,480
11/02/2023,269
12/02/2023,234
13/02/2023,239
14/02/2023,351
15/02/2023,595
16/02/2023,566
17/02/2023,437
18/02/2023,509
19/02/2023,561
20/02/2023,520
21/02/2023,488
22/02/2023,907
23/02/2023,934
24/02/2023,648
25/02/2023,844
26/02/2023,991
27/02/2023,390
28/02/2023,730
01/03/2023,657
02/03/2023,523
03/03/2023,566
04/03/2023,390
05/03/2023,653
06/03/2023,577
07/03/2023,999
08/03/2023,324
09/03/2023,206
10/03/2023,1027
11/03/2023,460
12/03/2023,346
13/03/2023,290
14/03/2023,1126
15/03/2023,207
16/03/2023,430
17/03/2023,453
18/03/2023,824
19/03/2023,756
20/03/2023,344
21/03/2023,685
22/03/2023,978
23/03/2023,1159
24/03/2023,1424
25/03/2023,1283
26/03/2023,1157
27/03/2023,825
28/03/2023,603
29/03/2023,515
30/03/2023,850
31/03/2023,553
01/04/2023,1024
02/04/2023,1282
03/04/2023,1007
04/04/2023,762
05/04/2023,573
06/04/2023,1659
07/04/2023,1948
08/04/2023,1774
09/04/2023,547
10/04/2023,1621
11/04/2023,551
12/04/2023,1076
13/04/2023,2054
14/04/2023,1722
15/04/2023,1428
16/04/2023,1125
17/04/2023,745
18/04/2023,2119
19/04/2023,1673
20/04/2023,2445
21/04/2023,986
22/04/2023,1644
23/04/2023,1086
24/04/2023,1209
25/04/2023,1285
26/04/2023,1868
27/04/2023,663
28/04/2023,1148
29/04/2023,1198
30/04/2023,1994
01/05/2023,1681
02/05/2023,2106
03/05/2023,1353
04/05/2023,1122
05/05/2023,1437
06/05/2023,1346
07/05/2023,1333
08/05/2023,1298
09/05/2023,1932
10/05/2023,1887
11/05/2023,1526
12/05/2023,2735
13/05/2023,2718
14/05/2023,976
15/05/2023,2085
16/05/2023,2611
17/05/2023,2509
18/05/2023,2246
19/05/2023,1480
20/05/2023,1795
21/05/2023,2276
22/05/2023,1838
23/05/2023,2292
24/05/2023,2578
25/05/2023,2721
26/05/2023,2839
27/05/2023,2831
28/05/2023,2558
29/05/2023,2866
30/05/2023,3084
31/05/2023,2296
01/06/2023,3054
02/06/2023,2311
03/06/2023,3096
04/06/2023,3049
05/06/2023,3034
06/06/2023,2907
07/06/2023,2350
08/06/2023,2832
09/06/2023,1671
10/06/2023,1226
11/06/2023,1509
12/06/2023,1045
13/06/2023,2821
14/06/2023,2803
15/06/2023,2904
16/06/2023,848
17/06/2023,701
18/06/2023,1925
19/06/2023,2090
20/06/2023,2629
21/06/2023,3015
22/06/2023,2860
23/06/2023,475
24/06/2023,1416
25/06/2023,1970
26/06/2023,1981
27/06/2023,1303
28/06/2023,1418
29/06/2023,2130
30/06/2023,1029
01/07/2023,2204
02/07/2023,1656
03/07/2023,2102
04/07/2023,2322
05/07/2023,2039
06/07/2023,812
07/07/2023,1852
08/07/2023,2566
09/07/2023,2431
10/07/2023,1356
11/07/2023,2049
12/07/2023,1635
13/07/2023,1947
14/07/2023,716
15/07/2023,1551
16/07/2023,1813
17/07/2023,2164
18/07/2023,1539
19/07/2023,1917
20/07/2023,1560
21/07/2023,1536
22/07/2023,1071
23/07/2023,1560
24/07/2023,1560
25/07/2023,2267
26/07/2023,456
27/07/2023,1794
28/07/2023,1763
29/07/2023,2407
30/07/2023,554
31/07/2023,1575
01/08/2023,1299
02/08/2023,1543
03/08/2023,1424
04/08/2023,1442
05/08/2023,1805
06/08/2023,1822
07/08/2023,1575
08/08/2023,876
09/08/2023,2426
10/08/2023,567
11/08/2023,1608
12/08/2023,1615
13/08/2023,1450
14/08/2023,1430
15/08/2023,1683
16/08/2023,2112
17/08/2023,1584
18/08/2023,370
19/08/2023,1553
20/08/2023,1284
21/08/2023,1179
22/08/2023,1895
23/08/2023,535
24/08/2023,1927
25/08/2023,1477
26/08/2023,1547
27/08/2023,1064
28/08/2023,1224
29/08/2023,1506
30/08/2023,1126
31/08/2023,1182
01/09/2023,1247
02/09/2023,1945
03/09/2023,2117
04/09/2023,1926
05/09/2023,1718
06/09/2023,1742
07/09/2023,1337
08/09/2023,1875
09/09/2023,1562
10/09/2023,420
11/09/2023,775
12/09/2023,1556
13/09/2023,1422
14/09/2023,856
15/09/2023,203
16/09/2023,489
17/09/2023,123
18/09/2023,1296
19/09/2023,501
20/09/2023,1477
21/09/2023,1459
22/09/2023,1463
23/09/2023,836
24/09/2023,198
25/09/2023,1208
26/09/2023,1189
27/09/2023,343
28/09/2023,374
29/09/2023,1368
30/09/2023,164
01/10/2023,1084
02/10/2023,270
03/10/2023,1013
04/10/2023,976
05/10/2023,199
06/10/2023,282
07/10/2023,600
08/10/2023,346
09/10/2023,612
10/10/2023,432
11/10/2023,139
12/10/2023,789
13/10/2023,742
14/10/2023,1249
15/10/2023,1024
16/10/2023,588
17/10/2023,197
18/10/2023,115
19/10/2023,550
20/10/2023,228
21/10/2023,839
22/10/2023,976
23/10/2023,104
24/10/2023,619
25/10/2023,578
26/10/2023,486
27/10/2023,641
28/10/2023,495
29/10/2023,655
30/10/2023,339
31/10/2023,594
01/11/2023,673
02/11/2023,437
03/11/2023,786
04/11/2023,195
05/11/2023,630
06/11/2023,636
07/11/2023,638
08/11/2023,459
09/11/2023,461
10/11/2023,513
11/11/2023,382
12/11/2023,376
13/11/2023,457
14/11/2023,509
15/11/2023,454
16/11/2023,280
17/11/2023,217
18/11/2023,146
19/11/2023,277
20/11/2023,262
21/11/2023,495
22/11/2023,333
23/11/2023,453
24/11/2023,422
25/11/2023,164
26/11/2023,139
27/11/2023,313
28/11/2023,383
29/11/2023,172
30/11/2023,344
01/12/2023,397
02/12/2023,249
03/12/2023,116
04/12/2023,325
05/12/2023,419
06/12/2023,75
07/12/2023,120
08/12/2023,204
09/12/2023,314
10/12/2023,237
11/12/2023,283
12/12/2023,236
13/12/2023,380
14/12/2023,211
15/12/2023,155
16/12/2023,149
17/12/2023,87
18/12/2023,48
19/12/2023,287
20/12/2023,77
21/12/2023,139
22/12/2023,214
23/12/2023,209
24/12/2023,124
25/12/2023,105
26/12/2023,160
27/12/2023,132
28/12/2023,260
29/12/2023,278
30/12/2023,66
31/12/2023,216
01/01/2024,54
02/01/2024,139
03/01/2024,277
04/01/2024,314
05/01/2024,398
06/01/2024,414
07/01/2024,398
08/01/2024,133
09/01/2024,163
10/01/2024,405
11/01/2024,271
12/01/2024,125
13/01/2024,227
14/01/2024,433
15/01/2024,492
16/01/2024,479
17/01/2024,476
18/01/2024,522
19/01/2024,371
20/01/2024,40
21/01/2024,44
22/01/2024,478
23/01/2024,54
24/01/2024,184
25/01/2024,77
26/01/2024,549
27/01/2024,253
28/01/2024,70
29/01/2024,132
30/01/2024,660
31/01/2024,174
01/02/2024,494
02/02/2024,394
03/02/2024,242
04/02/2024,437
05/02/2024,221
06/02/2024,66
07/02/2024,519
08/02/2024,196
09/02/2024,207
10/02/2024,235
11/02/2024,665
12/02/2024,784
13/02/2024,242
14/02/2024,177
15/02/2024,431
16/02/2024,773
17/02/2024,136
18/02/2024,705
19/02/2024,498
20/02/2024,136
21/02/2024,639
22/02/2024,762
23/02/2024,775
24/02/2024,861
25/02/2024,165
26/02/2024,1163
27/02/2024,524
28/02/2024,250
29/02/2024,878
01/03/2024,790
02/03/2024,1054
03/03/2024,799
04/03/2024,167
05/03/2024,1279
06/03/2024,488
07/03/2024,904
08/03/2024,758
09/03/2024,140
10/03/2024,440
11/03/2024,715
12/03/2024,356
13/03/2024,160
14/03/2024,270
15/03/2024,1106
16/03/2024,179
17/03/2024,925
18/03/2024,544
19/03/2024,922
20/03/2024,507
21/03/2024,525
22/03/2024,1591
23/03/2024,1694
24/03/2024,746
25/03/2024,963
26/03/2024,1020
27/03/2024,1476
28/03/2024,1135
29/03/2024,1564
30/03/2024,1756
31/03/2024,968
01/04/2024,1310
02/04/2024,846
03/04/2024,1313
04/04/2024,676
05/04/2024,1122
06/04/2024,1012
07/04/2024,1500
08/04/2024,327
09/04/2024,2097
10/04/2024,386
11/04/2024,558
12/04/2024,768
13/04/2024,1431
14/04/2024,1605
15/04/2024,2062
16/04/2024,1674
17/04/2024,918
18/04/2024,1119
19/04/2024,1294
20/04/2024,2180
21/04/2024,2394
22/04/2024,1792
23/04/2024,2213
24/04/2024,1632
25/04/2024,939
26/04/2024,1383
27/04/2024,1387
28/04/2024,2152
29/04/2024,1495
30/04/2024,1317
01/05/2024,1334
02/05/2024,247
03/05/2024,415
04/05/2024,1564
05/05/2024,1927
06/05/2024,811
07/05/2024,1262
08/05/2024,1339
09/05/2024,2229
10/05/2024,2613
11/05/2024,2405
12/05/2024,2183
13/05/2024,651
14/05/2024,1337
15/05/2024,2059
16/05/2024,2240
17/05/2024,912
18/05/2024,840
19/05/2024,2846
20/05/2024,2693
21/05/2024,1645
22/05/2024,1148
23/05/2024,2654
24/05/2024,1114
25/05/2024,1396
26/05/2024,2166
27/05/2024,1987
28/05/2024,1781
29/05/2024,1591
30/05/2024,1747
31/05/2024,2519
01/06/2024,2269
02/06/2024,2307
03/06/2024,1457
04/06/2024,1858
05/06/2024,1930
06/06/2024,1627
07/06/2024,2143
08/06/2024,2320
09/06/2024,1361
10/06/2024,2259
11/06/2024,1746
12/06/2024,2713
13/06/2024,927
14/06/2024,2777
15/06/2024,1387
16/06/2024,2479
17/06/2024,1930
18/06/2024,1489
19/06/2024,2582
20/06/2024,2777
21/06/2024,986
22/06/2024,2148
23/06/2024,2511
24/06/2024,1032
25/06/2024,561
26/06/2024,2479
27/06/2024,2273
28/06/2024,2373
29/06/2024,823
30/06/2024,1135
01/07/2024,1173
02/07/2024,1429
03/07/2024,1921
04/07/2024,1598
05/07/2024,2133
06/07/2024,2475
07/07/2024,1745
08/07/2024,1863
09/07/2024,725
10/07/2024,1625
11/07/2024,1220
12/07/2024,1214
13/07/2024,1634
14/07/2024,2143
15/07/2024,653
16/07/2024,1869
17/07/2024,1980
18/07/2024,548
19/07/2024,1391
20/07/2024,1025
21/07/2024,1982
22/07/2024,1976
23/07/2024,1403
24/07/2024,678
25/07/2024,1417
26/07/2024,2564
27/07/2024,1781
28/07/2024,2640
29/07/2024,2116
30/07/2024,1501
31/07/2024,2073
01/08/2024,2262
02/08/2024,901
03/08/2024,1731
04/08/2024,859
05/08/2024,553
06/08/2024,1912
07/08/2024,1349
08/08/2024,695
09/08/2024,2207
10/08/2024,2353
11/08/2024,954
12/08/2024,2317
13/08/2024,1337
14/08/2024,2214
15/08/2024,828
16/08/2024,2071
17/08/2024,1219
18/08/2024,1305
19/08/2024,739
20/08/2024,1935
21/08/2024,891
22/08/2024,1186
23/08/2024,2129
24/08/2024,1769
25/08/2024,1018
26/08/2024,1030
27/08/2024,412
28/08/2024,1619
29/08/2024,1873
30/08/2024,2136
31/08/2024,1958
01/09/2024,398
02/09/2024,635
03/09/2024,900
04/09/2024,1124
05/09/2024,762
06/09/2024,907
07/09/2024,644
08/09/2024,1273
09/09/2024,1784
10/09/2024,961
11/09/2024,1536
12/09/2024,1683
13/09/2024,1168
14/09/2024,1128
15/09/2024,635
16/09/2024,1584
17/09/2024,1701
18/09/2024,1676
19/09/2024,1630
20/09/2024,611
21/09/2024,510
22/09/2024,525
23/09/2024,334
24/09/2024,670
25/09/2024,277
26/09/2024,331
27/09/2024,1472
28/09/2024,1321
29/09/2024,244
30/09/2024,702
01/10/2024,1245
02/10/2024,1047
03/10/2024,1221
04/10/2024,267
05/10/2024,518
06/10/2024,908
07/10/2024,762
08/10/2024,836
09/10/2024,672
10/10/2024,1100
11/10/2024,1214
12/10/2024,973
13/10/2024,409
14/10/2024,457
15/10/2024,244
16/10/2024,180
17/10/2024,978
18/10/2024,92
19/10/2024,892
20/10/2024,774
21/10/2024,927
22/10/2024,678
23/10/2024,618
24/10/2024,115
25/10/2024,570
26/10/2024,383
27/10/2024,267
28/10/2024,464
29/10/2024,414
30/10/2024,184
31/10/2024,279
01/11/2024,249
02/11/2024,101
03/11/2024,131
04/11/2024,214
05/11/2024,137
06/11/2024,84
07/11/2024,74
08/11/2024,80
09/11/2024,125
10/11/2024,225
11/11/2024,552
12/11/2024,423
13/11/2024,565
14/11/2024,215
15/11/2024,158
16/11/2024,363
17/11/2024,190
18/11/2024,83
19/11/2024,247
20/11/2024,542
21/11/2024,221
22/11/2024,404
23/11/2024,49
24/11/2024,167
25/11/2024,486
26/11/2024,437
27/11/2024,428
28/11/2024,85
29/11/2024,32
30/11/2024,104
01/12/2024,219
02/12/2024,418
03/12/2024,170
04/12/2024,55
05/12/2024,61
06/12/2024,50
07/12/2024,288
08/12/2024,384
09/12/2024,167
10/12/2024,130
11/12/2024,95
12/12/2024,33
13/12/2024,343
14/12/2024,240
15/12/2024,304
16/12/2024,100
17/12/2024,29
18/12/2024,78
19/12/2024,366
20/12/2024,201
21/12/2024,270
22/12/2024,351
23/12/2024,90
24/12/2024,161
25/12/2024,140
26/12/2024,193
27/12/2024,172
28/12/2024,142
29/12/2024,265
30/12/2024,190
31/12/2024,37
