Simulation_1,Simulation_2,Simulation_3,Simulation_4,Simulation_5
5.81398288713769,9.104364631299301,9.76734105223796,9.431229768363645,16.821887952340074
19.11805677767073,22.10557834435929,21.09655175265179,10.783995182375136,13.723246314566103
18.180501321332617,21.784388844225326,4.580908017364571,8.903891580690242,11.557890596711074
5.907817390242683,7.38075106010004,10.251534611632566,10.256311330998313,17.01063555252575
6.963738915239407,16.04792342050158,7.061316988736159,21.226418991891602,14.219640618357056
11.386941152287665,14.902516152703633,18.87244186005922,8.744868394600603,15.52789009575911
11.717724396401936,22.187751303607904,1.2072032948069378,25.535799432203802,7.612648567265664
11.990658536032042,13.16766641412773,0.0,21.0471706021674,19.594820861883655
12.742330728890948,9.556561151539245,5.78840795611356,8.874171275849823,7.513611697983763
17.7258924135425,10.059648379619658,13.44075943441699,10.149126380723102,12.64363874552132
22.432516937483285,24.02620864435967,10.675460780751594,9.840752014224226,17.176917877779132
9.970786280695453,7.044972722913947,12.815403877806538,15.044043959443963,17.86887605141486
10.07640898572465,9.99385089101597,16.010466035979277,6.043429948615177,4.864171397478105
14.183690148733012,20.08973754775974,11.54094421066626,11.111535743086403,14.235917411040665
11.129644668247767,11.926822578071063,11.81258912837998,19.702100040194757,11.434120598399497
7.051112950529402,9.640126636145022,12.50693953572508,17.366398798153625,7.10198551887086
10.926341359343132,6.943806192031998,18.192271701046323,7.839228204774024,17.124850580486385
12.513889261928153,3.3626335442836908,15.753894968058242,6.745508135953418,22.459177262711897
7.033498754301112,24.08302019235161,3.1782749951409635,10.944239032188285,9.679525982627805
11.742723819018105,9.30994408345877,8.16418791551541,8.38451259827782,13.04169280273898
27.80833936266463,10.470260920925304,17.919557232905767,3.436531768499835,6.212892224879412
14.853178154458854,15.589768485055437,5.450200187644705,11.171632878101434,10.985059616692642
2.540625745118877,0.0,14.101736792586463,19.597425575936846,0.0
23.7494371053251,11.448792944110455,4.078700827606458,14.46914722226835,13.584963408474312
15.014265687322766,25.000702689197542,21.818280362297827,9.952739258722174,18.857231587463872
16.91894795082508,11.17895653218418,21.38859765399115,9.980699003717456,7.761645170381432
5.233684409596336,1.0645207166905095,4.680788460769741,12.839484888803133,16.129017026227697
17.669844049283483,12.595700503483364,18.183482678937928,10.795114860109821,7.204765849969212
13.95402364670989,14.450428815867395,18.095804776206116,11.611597221560066,25.86173674394113
10.633389659463237,3.641651425965419,11.090407689216224,12.599078233454438,15.331248737842444
10.142511790855915,3.247511883426945,7.787969120453096,10.7850525297933,9.007248267256191
12.06789151562944,0.7542883797811495,4.351326714870245,15.88632528569398,11.922842133698367
7.634649477915668,8.07227408952328,14.238658441666338,19.98264100786373,11.862597185419936
15.932313715780914,9.302513351121444,6.116107294528303,9.014740810661063,9.450602755127138
7.892167075186,10.465912474939813,4.40738438794562,12.144824873140925,24.780837479888927
8.733674109971206,14.451865362439305,8.249106786783265,9.962805273289614,15.15981838034256
18.473268436187972,16.95580621877495,17.611599263714066,13.659733445855476,20.60763970754345
8.066344257950913,16.353596538805288,6.238083773871491,11.168959277603113,22.301356856564425
15.43867686376637,7.698301612278769,9.674303260608523,16.591315547254638,21.99941500046946
23.543177401794207,7.395785066539248,13.005369607274838,15.445119794741423,10.929763463671922
19.083475197745784,13.920769832864732,7.964893853467501,15.427564109480869,4.1501317261202795
3.4470253128505863,9.252135803542098,4.112801646219879,0.0,14.867644453407875
15.997947562795687,10.673831666435774,4.779221474561315,14.635719014682095,10.908433421431925
9.677749928781889,15.683726564783225,13.917420142407398,10.305688501959708,11.113045791588117
10.35986956621267,0.42423152246720974,9.912108270841888,18.362663555255217,12.467720885264399
14.899655458873141,4.650514736995914,8.474700225707938,8.184585551494827,16.391087764251083
10.82961744945936,18.277227199630985,7.216506150144523,15.946951180289902,15.420027982720836
13.856595096913846,11.21495623436524,9.447114128276606,24.142783254664852,19.805585603847426
16.84589183010686,7.906901420174679,13.37554370522,14.99137926738871,7.940121984213558
11.205698997126108,9.688448492321717,18.07053873973299,11.700680479302106,12.315184146595469
17.690339441425287,13.850874391514706,9.545804590389071,11.52142446167945,15.27242033217189
15.464298527053636,13.225796275659933,11.739259976072276,10.842140794867367,20.120200938962476
20.790037714731177,19.940201944426796,10.804792197082003,6.441631451435619,25.97205079861908
10.653298565210488,7.113850570284475,17.384975889162774,7.699384600290415,8.328713093709467
16.93514194263543,9.7742917275176,14.882019312450964,8.182102293050146,10.38410184743111
13.422760893820282,6.327684531525188,2.32893364391623,14.36032276021744,13.829742894938121
4.2393669079277485,16.859529786322693,6.151071955122495,18.35171452289908,7.902856648361533
12.400051457702402,8.590205142474652,10.290096575289319,5.520226727822391,10.613884849917513
9.048964287867758,18.31596580947222,14.367910166162718,12.688708014267053,13.946744811733337
6.872598599139641,10.169744761647623,12.361720472458918,12.511345076339001,6.6402423156277735
3.4075994653967205,6.782670082841135,12.252681950921762,2.3407570010683987,11.27806016368061
15.244204379947105,11.785032951161257,15.02042568372614,17.29211163701782,12.601904550087939
14.401124724530119,16.447960759151066,9.669006978776643,14.743113582934061,5.143947893589896
14.400386050804464,7.112250086992532,16.719973505017247,16.796866467840236,11.65609233741219
8.687159097738274,0.0,13.386960949173085,13.820148562803743,5.207292314750258
8.003824917995532,13.659647115072737,11.563575250148094,9.023703481814517,16.39264582725967
9.855710051254471,5.583277793962708,15.231101675292821,2.913607816197038,10.546739554704189
12.146591604891704,9.094942518118222,16.360784792477183,6.592984463272312,12.802057699787332
17.79352515661993,20.04752831456223,10.250508840465441,19.813509990203002,7.43547895303198
18.671843986578857,14.847055178957628,12.840113689617326,8.648877904939123,6.982105152452956
14.360295757066947,10.89798087437752,10.281241730750978,12.747728976447723,8.346511942510338
10.399872621682892,13.24303147777918,3.9787503623679674,11.426675900866641,8.405660288667939
6.33875385488132,6.12993962300488,8.558448742121714,9.94108877904543,14.486406685544274
10.605176466536138,8.687989805042239,12.362232134060266,10.051814576091608,4.524672677651832
12.322182211034631,16.965923015233635,0.5785426196183163,13.037169491288328,10.527639163946931
10.791171015161867,9.147017523657091,10.945790729669271,12.06478214958312,17.892658224923135
11.667075323821964,11.778805502155011,19.496739929086388,3.6792390859806474,6.641688635062361
10.066903412421446,13.127443128225337,4.88660231624896,8.259691327409607,13.427770152059125
11.654221435730786,5.5363620197414605,11.963872199226154,1.6214182831077686,12.494900934948665
6.223602740874561,15.673620553840879,10.097695755405809,3.0602054108271473,9.790742583266297
12.972544597678255,15.453386024099142,9.583091407304824,10.399333235886607,8.825457299736147
9.497446435925921,6.849209597074588,9.998042938201745,19.86435183951271,13.268700013457426
11.698948446693995,11.608801039547165,7.182309590033661,0.0,4.296849243463086
14.11859810412109,7.71358108047732,12.469582725238126,3.5302293342745292,3.1476692415084013
7.484362789649448,11.246629264609846,9.33007364877516,11.352294549279952,18.74336207601585
17.40687596725932,7.754354867857673,7.426855572544643,11.05040307583787,12.208717366117764
10.34332702792182,15.290860204291768,9.973387184436215,14.197731574931199,11.410947914740913
12.501471357451262,8.159524885240678,14.011043101182576,7.196986038144097,6.5959112116501455
13.978687296435476,14.244945107625657,7.557097158945336,6.578168979835405,12.388715268425758
9.398785881356135,15.623918266972396,12.3927509096687,3.3189464192477267,2.6760578472716716
6.547816223592078,9.960184636075223,3.0481050511751784,8.585136840750337,4.512633630238055
13.865649898853377,9.031509032348232,10.654460653321806,11.745101049784429,13.446592934270017
11.185295674622784,13.780125198863523,11.691301836586822,11.133624676071122,10.735030010263262
9.286095402665214,16.180712308160825,10.260878065773978,8.617152644373078,13.872853269365347
14.200519017829574,8.000045207695972,9.367261675285931,11.197093038851333,9.542612296244364
13.262586730271405,8.409785984013963,3.6069177531193377,10.171770817058174,15.07710390541466
7.900163774911354,10.400353512947897,16.657043327499267,12.81102241477628,6.964445025398041
9.180496564435092,15.282984124409602,18.08417075280604,18.023207510687232,8.987013950199476
8.86828127086497,4.129811829441713,11.865790076909917,13.478938323895719,20.445027385102872
10.868630709698794,13.222557438820399,15.126398185607377,14.768487890093315,4.938988515882811
9.929578208870378,6.676030588157726,10.658712541755955,13.891546344231852,11.84303112317049
6.9513955220538,12.623074125812051,12.96328401249962,7.540236353585891,13.310186306149411
15.123236722090182,4.823694325024564,5.384507631840559,9.623922487827578,3.8018348408465457
10.776559888401772,13.371710412801146,7.729728254878406,14.712871407090864,11.823206024187039
8.006719391155952,2.0514733968568226,9.7657817779845,11.4658292269925,4.610509869592299
6.057138722486528,12.359797501736828,10.872669458698407,10.709698708978802,11.349445780880867
7.098082521258199,7.134862830096122,6.2323027843539505,13.801896765315558,15.163805999568243
13.74571087806951,13.993441354106404,9.10125687406619,8.31921185353158,4.014432779020377
7.939926285046239,10.501628413159732,13.976019152819378,11.968620363580827,7.062646697075827
11.281537442022387,9.838201968266437,3.0603542233434595,4.066340937488781,11.664215843901662
3.1411797937836923,12.650280677820954,9.750351410197226,11.889651164935726,12.966558530482072
15.987421590405647,11.135947947475975,4.82178249797361,7.048930305550473,10.168766816328656
11.874525482182195,7.396123715437019,16.98154715272544,11.146964448706411,13.896490873211757
10.407431094788915,5.5697224896913635,9.72282868385912,11.196720611178554,15.242016788984
11.644768893625876,15.469121787862829,5.95932748757797,7.51949550871884,5.428607133827075
16.092517295266788,11.701112902838599,1.213558079216222,9.884598519587993,6.711792688048481
7.981484943969564,8.874932619399804,2.5534288822391638,18.187518632464162,15.889881451939615
7.571536593491368,4.922969460565789,2.426799989997134,10.505702884652514,20.015291219123135
12.314608575493326,10.169404619832664,6.37083053396589,12.480849818625112,9.041104882377313
14.674889648830487,7.375183711127945,7.249221169591899,8.703206896059777,10.551002311935527
6.439609339639583,8.996139781292872,12.723494730630485,12.24754238923262,6.047010624662501
7.329476713363158,7.286020559501477,12.030618218165392,7.027202813174993,7.885084613199449
14.731381112385796,10.29387074436439,7.86535073758643,9.037257980180978,10.657469600253755
4.888469446135562,5.405486411247283,3.5962143134516475,13.324970591362213,8.711219557250608
10.160356550518783,12.78510455237975,3.409161171148445,9.77734435410096,7.596783636730976
14.95899328434163,5.968581536250906,10.421871068661156,7.631062800406495,8.462760925802975
18.95826126989478,9.78795523388408,10.374900561138492,15.390055677469089,14.822068326831946
10.66943302073393,11.582524910813152,0.0,5.838877905170637,11.278025654803297
6.629536489736522,12.71940487881999,9.367188202931636,9.183723746779329,4.083609296574583
5.631756183897339,11.617210336423703,11.134312691725532,5.938097556601343,8.545256949526056
11.444186629030144,15.338083714159893,11.660683085248582,7.972271467204816,11.079677283301573
11.694553287993497,5.069766760535732,15.012297540389142,7.020979522308878,14.931611657731871
8.98036456646394,10.61831853874591,5.130379355545489,14.255909986986293,11.719219465584741
8.475432129545275,10.865629691466086,14.244931351840734,6.527317479813632,9.433272930815022
12.027125666029306,5.663506319549474,6.434621012275653,6.985430194205643,10.628874364168192
14.363550697763477,9.515018123948694,10.052020089069721,6.101366104416458,12.606396956412937
6.899900773187114,5.271689707543076,12.35272908963662,6.478914579840335,13.947957683284537
9.560884569986664,6.954905464857404,13.31074140457673,10.426305845692639,9.497634466051677
9.657378479870134,6.530952766063189,12.977732354420635,7.478304893448278,8.083793409123702
16.24256481698474,8.014881701076986,8.226811148008768,1.319347919525807,7.623328914120599
11.088700582838802,14.109953321631057,13.216336262177503,11.488073419946945,8.109014590982751
11.630673899655218,9.22116722428906,7.802356311690922,9.451053413552833,7.850186453034627
5.097503840854907,14.36981183131035,19.775356795855934,5.915568465616445,10.685300486331247
9.724790817503294,14.090897067149061,9.365725880864161,10.344185151773276,3.12234627183508
7.9594483064193255,12.379485862792173,6.507347454462331,7.739926614239277,10.195094208994611
12.290276285226678,6.799875284487159,8.861856857836536,11.219416234834826,13.951858030271499
11.364015227220525,11.258471001856414,5.738341255128165,4.780402027164855,14.370541239292393
13.929659041566794,12.023665698002237,0.0,15.057621847992845,10.46729877180286
11.707784279320217,6.904564321760914,14.806121591603201,9.407783990236958,6.164069261838017
11.577611918905658,6.039740543244456,2.187008889259401,17.574531942963024,7.176795930433827
9.933508813244044,3.052369217971692,8.513800055944978,13.014090894248273,10.878154865332943
5.545801921725504,14.186799590517087,11.190745099437887,4.138965645195196,7.67602951657666
16.520955399819023,5.292365959699597,9.896544327834816,13.676523812000466,11.242573911755764
7.070454694522489,14.031181325603292,9.378045330562665,10.541837617713139,4.963860692120456
9.119207566501192,2.663200715361463,11.94673852683589,12.314102394408463,7.647375297360903
10.832442389130039,7.070023490585976,6.986052423107354,17.80615809837117,12.980659379201452
3.573137937437574,5.968846966045087,7.869569882638746,7.981745569192566,6.559741783464497
8.444763972964829,7.296752050701061,10.12747812529809,1.2528886411094113,7.271622610999339
13.60368859867444,9.763685533174018,12.832791780742104,12.18022450564471,10.780690316264621
11.586721716143348,11.239844641221769,9.483147480776685,11.76928076041236,15.671486660104478
9.680946863209336,11.445076029420964,6.881922780854409,10.507383841989627,16.95368140317936
16.677689512293956,3.825149043504923,2.2271034639025142,8.308271204525528,8.059494734382218
9.487201700788363,10.354746301152346,5.1714335572165835,5.1863756916032795,9.015021136078973
10.730415944571481,9.18106205743307,9.714165533934136,7.1099611115891825,14.187263360993011
8.648272398138827,6.637930243397698,10.822778646314235,6.039884349758406,6.687421990814441
8.668821864237618,6.760106695982682,16.765271802161788,15.140680779333376,7.823188561529437
3.5439976401437425,10.013791933623244,2.34632935034318,7.475835597514214,11.497344081124005
9.652730089532552,7.695190406431971,6.394364466416723,13.12497083189151,10.624314294732
10.157044605792585,6.826890514477899,11.023805084368774,11.683053647978948,10.50102273230029
14.470929517651133,12.484561911359641,2.3351947950953127,8.192576130759,8.78361926454018
6.478505445504438,8.64510755409467,6.537995140505972,10.075681705343168,17.41236065024292
9.42247692940458,5.8803484189747195,0.8160570787194583,12.003888173696796,16.677951018576547
12.768145081165521,12.551429245864323,14.056044660620543,9.120881907743625,8.209213538270467
7.52842831880898,2.9853936178998888,10.621666477208212,11.046290778912113,7.870186138889176
4.0969410418362875,11.713981359997018,10.501647364132568,11.137929018594082,12.63184544864157
5.386660446378056,7.025411368648243,7.663521149208745,6.687566451664729,9.991617554507105
6.423805303298483,13.758713209047727,6.853340278312057,8.329180737205927,5.993041290876729
5.3746072493069175,10.255493820734582,11.989535076440907,6.460089348488126,10.520988805657433
7.944200354817597,12.106734045586848,7.668414475640182,8.165461033619902,10.358742356525248
7.3362621071919465,5.878890337808183,12.93604402614673,3.38033187920807,6.947152793326065
10.895713098014184,15.723735162164669,8.718143588920737,12.21463433103493,9.292977824902835
13.399332623801346,12.61286313882136,9.677386782024978,7.321488557912713,3.8880201489876045
9.928043007884684,14.201239030371505,10.286432448111805,8.926145869466783,8.706188071311573
6.497209140973413,6.772038326264338,4.949148453919358,14.011909878669572,7.530676436516316
16.36008324465334,2.8369926583788887,8.892807845853664,10.94597711975834,9.286882548153802
9.27199864271635,10.359499039117875,14.047285457797205,8.927590669628065,10.344036785875883
6.5216153525353935,12.360395402688242,2.6820414255097864,2.3851199609149933,13.775960020812839
9.193767718681388,11.230075703418683,0.0,6.504421468505878,11.864894797459124
9.638596116296059,7.885348347680563,7.238570966195628,5.763236449227297,10.159718141637049
7.220171048976622,6.5796059083768075,10.46688029749732,5.019132056258369,7.65162214307222
11.785662854215499,15.791902935068475,10.521693259363321,8.599226094561658,15.647794379428579
10.647451053040806,8.88461034050959,13.648101635889008,8.834218018730043,6.555689450975324
8.032617871058415,4.983230288062523,8.507863150502667,9.394555460932136,6.2927228049783395
9.607848204118259,8.234691272322449,12.972060218804641,5.330040146771723,17.087462888273034
13.574583936435296,11.40334130885163,10.200178638076421,8.82188089181409,13.875121678830766
9.53105095309479,10.368902546317843,14.09908205417101,12.893599770147095,6.087046023367513
5.783316377807239,11.413282772819983,9.315100400105388,7.506101483011324,13.49929909896235
8.87735799694471,17.15957081596452,11.34812895978623,10.512915465940504,7.359017720777666
9.20049142510271,7.18319430218984,9.294532891293148,2.807867253165269,5.381932968604838
4.856464932409432,13.40475686976492,13.65403120196216,9.58809200289137,6.626869487929881
5.605374344058475,11.421424043330791,14.052190761339133,10.470159419595156,0.0
8.514046925225141,10.344043931227986,8.552852283441602,13.562113752306697,7.464869158256045
5.148718946290887,8.453333971625185,8.837961818430923,15.512395512230984,16.000002604243658
10.839684735059652,4.42014512537595,15.916663505512199,8.287869200484192,11.018544893324092
10.656211111368473,13.214120768142845,5.892921860371851,8.00359050804693,12.0331565404278
9.086841328364201,6.052830039366398,9.28234661557492,10.466280841846524,6.48376824103047
11.84942466827922,3.905454119600334,5.4998425909991955,12.557691029237906,11.090112896837578
12.785625294549533,13.896977350021208,15.351811212035134,9.487870648264032,5.270860336559753
9.99539153980529,9.31522139530074,1.1982755019361075,6.204543739713223,10.043619453200153
10.692803852015636,4.217028769095225,14.549931916868333,14.481640119621655,14.877257037904874
12.795717431448871,12.822949068738323,9.587025433935517,13.786021889752366,6.9569588313339885
9.697123968588086,9.112941826503489,5.37101300019313,10.785444255093255,8.372651733436113
9.510425175662276,11.476712034988335,10.226344615710376,5.809579102566517,10.149148010220715
6.9935896848540375,11.42491568215347,12.039946476026454,11.280482974025631,7.483396472241179
8.967535848656233,7.709950879154366,11.728663796492743,5.8436695956485645,10.799810064106003
12.89188516583615,8.00922985203956,12.419735319558422,9.53074494679827,9.891319589480892
11.249729895405892,13.15847898405029,7.7574693578659515,11.663134375961297,11.565737795292314
10.605690756578928,4.443392421398113,8.768621344644336,16.33779617489088,8.760716315708759
4.377859522661922,7.998863312596949,14.170240562652921,4.481129967163929,7.274198313296255
14.813475985600835,8.620121702068584,9.338082395843463,9.68965142993226,7.296064459603889
7.7127570052013,13.872408407762562,10.541020604328812,5.91498548877214,13.848120175084457
10.11430080409662,3.6304966974288106,5.582600966806567,12.573444550921014,8.110831014499123
10.317343613391035,5.817457962386111,11.980655849149873,14.011671131600897,11.042907950874806
11.24829101532439,9.989410715551376,11.148495289835031,3.874030444776758,4.513651059434156
9.39729529163499,7.894067968113739,8.458100570134166,12.519241841753205,11.04141425612386
10.37164820629392,21.174816730166903,6.610415032047053,8.165735835124497,9.048085175791336
10.460214587653219,12.728215696422765,8.863001580105415,10.036150368260051,9.139702687134355
7.365310082097663,17.58715500365704,12.300882472261375,9.4413379693493,8.265446663829579
11.590013300631064,13.355087734537822,8.395690819765433,9.194444624354789,4.100314465186145
6.179203801594872,11.862050290499573,7.69670300621611,9.813495385029565,10.516402240645046
7.179043809962607,11.26085881087231,5.148605493753542,11.740177443672623,4.590979927377901
12.317944972051142,8.392954494468487,13.927908954495972,5.476813116913323,11.213312930701454
9.880629510081366,6.187023258190205,4.588367634367028,14.10719538960511,7.1826101848808515
5.5922352696975,7.839930448942965,10.095379570547674,12.641186582787356,5.907759388941118
7.748234297448918,13.4441593778419,9.139714775263355,8.987275331197523,8.48191858607171
8.659427567146034,6.3540040891881615,12.659356688371352,8.54006194473981,10.27174524506338
9.814890395711695,6.022743593570521,10.894645014730742,7.338290451625998,8.344392841108515
4.905433669874246,6.5621991514435045,12.373928252997805,5.2170201383630035,12.802203261702152
15.144832273954425,9.974693746252214,11.279474204217442,1.920688194697365,7.798122509604651
10.177566830298183,5.8655863799851735,9.124647030293447,0.5596158588011395,7.41344361285735
9.511775094909437,3.9866149609452046,14.66130956563143,7.797289626910638,14.50538338039869
6.952595361071291,6.984258370931694,4.081195217639478,10.975515422125092,14.801887647923955
6.288249255555755,4.589756720901739,8.0420978559982,9.471609116593418,18.453209683587147
6.659027808467409,6.127831604242558,9.278398432341628,10.605715239955249,11.125025846497481
11.761414831290612,12.630371841095108,11.201484586496647,7.967804884087953,10.551306213634643
15.071635127369023,6.7705864858515135,8.806805011040261,9.117135456816488,10.215131536722609
9.916304619326182,11.304636562551206,18.03345434179048,6.135073935674674,13.285907782186829
6.868346860480806,9.0584476491378,13.844850887575515,10.179481793093974,9.387421901584318
13.247573489111435,9.680727949265501,13.101226991852819,1.4512186916184264,10.684334294007478
10.250080307410636,8.45423500392086,7.7280655624757655,13.006193473317484,6.590275020749576
10.579657355148269,5.722415520977106,12.951315140909635,10.41709855326797,9.441639358381414
12.396042891342873,7.96082003662099,7.641321289791167,18.312872978735,8.602419522391642
13.20733591414217,13.90367234725607,12.371256906961621,10.877939240406572,6.0672707285135274
8.20069179263227,10.898887757447339,9.850045356503793,10.166829905862544,11.8818387624394
6.143547937223581,7.543972150575485,8.579288236524892,9.626548077876587,10.965779032489912
9.46547375574017,6.813956452636674,13.039280659993036,13.922126438594818,13.8883416500841
10.657897641834825,6.98791973197868,7.80065512994521,16.448902502685286,8.630922880531388
9.473952226304029,6.008758391921632,13.941451356665745,9.950924451411318,14.33610230554783
7.552926800870647,5.145262737421165,5.928453920806818,5.289876426939532,13.149600994130083
8.766415492921924,9.000652511521645,9.141251818316473,9.28676523328774,12.067723789778746
9.26478210230237,10.617821408007844,7.539981842135561,4.57964403657891,9.10691833903211
5.886676700108972,6.588515334202551,6.692269785148051,7.11536209846437,8.015084115236213
12.133767046387575,10.499308104315494,10.66460707403686,4.218093679727225,7.307846765967076
3.7034802691663513,11.425836873126405,13.295774924051809,3.443252941627665,15.31052097392187
6.66940294649587,8.32415560974443,10.114586833309259,9.590680103550529,4.443200498576459
5.608887153858234,11.164772713465517,10.792349024946983,10.945051387508713,15.668825420373079
4.622966154273709,10.026463956552929,7.508056563300847,5.5875163025365655,8.3186690171199
14.121378695939867,9.721363674871823,14.215412123948369,11.273350171660024,6.849742803125901
13.592794366310677,13.994847211179472,12.490689016487133,10.982906457064372,6.7428568534128726
8.564610509923824,8.637264345318679,9.392384659903522,6.813341875172771,6.515394907171059
8.766047623110019,3.6712445574110735,11.924776012470257,12.365878840927298,7.127268247393168
6.712417669597823,9.823692243018307,13.100887487902062,6.941068629102049,14.020359362147127
9.176871834891108,12.952185542856416,15.489875664503728,4.273850074178764,10.390455645439317
5.938750319038869,11.742431539850305,10.856617860464361,14.351382294523798,7.076014027205938
7.003956324099848,11.04799963769629,10.322223736520874,3.9402236683097547,11.210067017860204
15.14586931768451,7.7323987187999625,9.508299303689526,9.419309334955576,8.520050100499567
6.1259807584446095,10.54197736154804,13.545151726681391,13.6763039847364,9.055422904240638
8.759313237633226,10.008660179054221,6.895757548861754,12.367384358122129,8.820576489831618
14.138211018252456,11.669244289423705,10.246277070778962,11.869609891505352,14.456189460255823
13.14745259414076,10.5725505795093,10.963584659602954,10.032836410872182,9.750885883842805
9.597372183605653,10.220784676675937,9.716471008262047,8.537968166299821,9.851027833032102
11.619207837892473,6.715123591519557,13.23345628606127,12.345773845345091,10.599846710964293
9.558221341098102,7.540008664403631,1.4662778994250587,10.041982739662371,5.998408205956778
10.726616265042184,8.885143543490855,9.962720759429969,14.64363162795537,7.0401681989353975
5.876643592957017,2.7110341293570164,10.305654627405584,10.32290136604828,12.93455086902109
9.520589292710149,15.400224925126327,7.916567602536348,14.568362387542674,10.655917671015088
8.205456706781563,12.731686730580439,10.526778499917228,7.103517320428516,7.044741012591356
11.315408669629829,13.832900690122333,10.758196767663414,15.182062176775439,9.631366165964945
5.767611529777683,13.05390886768209,8.746431334809643,9.836424449133562,13.490746487765135
8.572054425424625,4.217188835697494,13.81647174809742,10.742062897652694,11.233023820578804
9.089020567914112,5.9774907790686225,8.438778368787556,14.528821689571258,7.425821635238721
4.872887001287573,12.324906332842362,5.1386340592869955,9.487188544447562,12.166290211167311
9.513900728156095,11.768424769207153,5.763858074848526,3.2649729281889934,10.270959446524328
11.679603494695439,9.222875322247535,8.836030397023277,11.844734185660718,12.101386594308174
6.4392002557527785,9.76997726417085,8.776027399074131,8.332708746958078,5.1537126491360645
6.485949798223517,11.117033013598764,8.578750115407454,7.205633561017659,3.140865461674558
13.34126088880892,12.959945425842335,11.960929443746119,0.7113615711252947,7.7960252984047465
4.679736329734487,11.567530985494466,9.43024496330913,14.20562747721887,9.30155048559084
9.043738060723733,15.239688382490234,12.164211952858984,14.578283899444965,12.385539641037791
11.727002681062704,14.590073497570689,2.6710079624747474,4.962711877958196,13.601795346162948
11.89295063557664,8.188280161713196,10.294745837100475,14.537045100989232,10.202857182950886
13.205983554287828,7.565983270241112,17.93211671946593,4.379416474663962,11.145296988566656
9.75893214605369,10.802698093903507,5.916126826888492,5.838934654010107,3.8363799365914053
6.940360239538887,10.416031197735872,17.021252153995114,9.822360267101644,14.133378079305178
12.288297472214532,7.97796360398523,7.978075893120075,6.63088161633961,14.159403668359497
12.312479305015025,18.671701096945498,13.698773540878603,8.432935277320059,6.115878010042659
15.18013928841955,10.620413987766414,11.555124873237927,14.115742227851488,8.862897464034404
12.024005627571757,12.091520949802574,14.545861709130225,5.777813655311601,9.809882429500396
9.199616416916118,3.68232084704663,7.118821170962381,5.7544917969879,12.034310377853018
12.157743608420054,3.453135650202614,9.656950270388696,19.52876186381358,10.441480705977058
14.925335426289088,10.6379403412347,7.342427056151009,5.683147682709681,6.068461648031096
12.15608259730248,6.824046318117203,11.500777860699605,10.486113167279152,9.412409848875791
8.781940130563065,7.704734716569031,3.4947376863270794,10.757244951989954,7.268257283974398
9.248315559819998,11.190450342672545,8.54703601925305,15.560869513500982,7.624789481672478
14.607766115455437,7.60876936056489,7.534360618312165,11.80999881559076,13.687658463601867
5.85417480836315,2.783285570413347,11.037780340260404,15.906847172358326,13.09161708601416
17.935186648842247,14.62213380996733,12.295065976387026,18.15890197780232,8.797497175716114
6.439147474877849,17.006642992603375,11.072705921121491,8.498986501428146,7.681417109035614
5.642633304521871,7.963486404332441,9.400673084399891,6.69334582499002,11.565117870393031
6.309720087153512,10.56402232473989,9.478228451750866,13.171770978551587,10.232110908401582
9.99895953774693,7.505947581963385,11.709696140620812,6.433384254989712,5.650410803782157
9.176957838284377,5.348652171159413,16.12114369345504,12.933706412446256,15.110712800269766
8.76435645712963,14.896005725964235,7.646021756332445,0.0,12.244777420340437
4.530112491269194,14.013879970260406,6.161386748228338,8.35667850904739,15.736140346983065
9.078239385175632,7.536603554916271,17.26298925777595,9.188404058770818,6.97330507775192
8.740901717648738,13.249753466683268,1.8022964081500916,6.469340608077599,10.292604027252656
13.420008990970945,17.63527530104142,14.825949410524236,21.45785969689559,11.697735189452109
5.11646540033556,10.216551315024777,7.745804209721769,15.77948932694401,17.792154847335134
10.755040440568056,13.026649171198025,17.986954742486272,11.580417875363324,10.356061793136252
15.554615844659647,18.87370177078089,11.709738736281569,10.920517510400181,6.6640445484193345
9.43576251259252,13.763687208237862,13.171866428901014,13.252732487086874,5.755153045863357
9.127326426258469,12.303412095487587,9.398839922625275,17.637567082178983,16.868593275615765
8.901161421790865,13.956739477574397,13.003607683590868,6.820197840221212,15.046692412218825
15.607302458532343,18.050177301054106,13.270019986310725,3.8530817721480135,14.15126834095166
14.291670809669075,13.142135678547133,11.102156966727737,11.111642613295103,4.748346427209801
0.0,7.22355362425115,12.235188014212559,7.941353724020389,21.917366076163322
2.406729376467551,10.681298108568992,7.353298764102884,10.585508783563666,13.213833416715465
16.13640883862526,7.894970599132147,11.884283014335347,11.632516226715136,10.95285482744145
12.675402518975464,8.365333464279802,15.099795385432895,12.661781153993125,8.821844592437415
15.135614111894085,14.88813160663442,13.662554185322199,8.915708018076439,11.638251333715536
14.568630556734242,0.7187813863649346,14.284118282221149,7.635597761965392,16.805222471306493
13.777441337354215,9.558910732822705,9.039164251668106,12.89752261094787,9.250844210594009
12.376585584829375,16.214479422223917,9.034028736319355,11.281509258694655,12.96981410074466
10.833162989726908,8.57935826718601,15.707202661476138,11.236871557089954,16.46955729052166
12.423979396501691,10.39237107109419,14.54108086095134,9.508498978329497,13.125644186575915
3.535847362120677,11.418259195413002,15.673245543121327,2.727281418152918,11.987581736357967
6.853117287615045,14.709261524982697,7.780716886602223,6.725330136687423,16.544124152989955
12.264353967712912,16.630704316456765,14.270910121306395,17.468460666879306,13.038439728843612
10.665610712791343,19.835058328686458,8.838333849608118,12.410601729521947,17.303159820589283
14.957166282494601,0.0,9.614038397489297,11.008000161898098,10.444686439704464
9.17080625589147,7.575409533905958,9.87410109155589,15.803716221113541,14.297405252643335
9.852534400565037,12.927174194663243,7.758671513622447,16.638466502224603,6.5597082349658145
9.27125086080363,16.414579663925565,10.21777485167387,13.692894334672149,5.805621648757316
21.96714671564849,11.03694734593365,8.238693045037879,11.228065875712952,16.626352286641847
12.233307449452527,10.06390532254874,13.60894278670288,10.920951434414134,9.190595363811923
5.15153311957124,13.059636836125364,12.633665471479103,9.780794077339205,11.198622980929931
14.066400754004055,15.34994973021544,12.751042095644877,8.776502562900914,10.946425876598793
7.742282775206708,6.659504168299852,6.544479118574704,13.903982872964162,8.826233396723081
6.251867191477157,13.687659792577808,7.536550231642541,10.435648266486261,12.760659785526812
8.996881959051652,9.002997597643056,18.566940849965604,13.527771161464475,10.848780835737198
0.05731791231537109,16.293098753947483,1.758161049238069,9.020804276278607,14.93868891932281
7.904420973876364,10.305419314169223,19.237663885187118,13.882551984347154,7.376488500360317
1.8461178118350858,7.891327419916978,13.138988894148937,7.597184537201757,8.310166424882187
13.739241601094779,11.763675190636446,14.398295918616645,13.69844051237308,17.318039459594864
13.726909883576521,14.761950401596135,5.208462919805078,10.785808511917082,14.045115744144235
